Timestamp,Thumb Flex,Pointer Flex,Middle Flex,Ring Flex,Pinky Flex,Thumb Acc. X,Thumb Acc. Y,Thumb Acc. Z,Thumb Gyro X,Thumb Gyro Y,Thumb Gyro Z,Pointer Acc. X,Pointer Acc. Y,Pointer Acc. Z,Pointer Gyro X,Pointer Gyro Y,Pointer Gyro Z,Middle Acc. X,Middle Acc. Y,Middle Acc. Z,Middle Gyro X,Middle Gyro Y,Middle Gyro Z,Ring Acc. X,Ring Acc. Y,Ring Acc. Z,Ring Gyro X,Ring Gyro Y,Ring Gyro Z,Pinky Acc. X,Pinky Acc. Y,Pinky Acc. Z,Pinky Gyro X,Pinky Gyro Y,Pinky Gyro Z,Wrist Gyro X,Wrist Gyro Y,Wrist Gyro Z,Wrist Acc. X,Wrist Acc. Y,Wrist Acc. Z,Hand
1.062,92,105,112,97,104,-2.62,-7.56,6.13,0.01,0.01,-0.02,-7.27,-0.09,6.92,0.15,0.04,-0.02,-6.57,3.17,6.60,-0.01,0.05,-0.03,-6.06,5.19,5.86,0.08,0.09,-0.01,39.41,0.15,-122.50,0.03,-9.79,0.03,0.30,0.31,0.92,0.55,-1.53,-0.98,R
1.163,93,105,113,96,105,-2.71,-7.37,6.01,0.11,0.07,-0.04,-7.33,0.29,6.93,0.17,-0.04,-0.05,-6.60,3.37,6.68,0.05,-0.07,-0.05,-5.92,5.40,5.59,0.08,-0.06,-0.01,39.41,0.15,-122.50,0.03,-9.79,0.03,0.29,0.31,0.92,-0.55,-0.61,-2.99,R
1.264,86,103,109,98,99,-2.43,-7.17,6.41,0.18,-0.89,0.11,-7.15,-0.15,6.88,-0.17,-0.02,-0.04,-6.67,3.32,6.77,-0.01,-0.03,-0.06,-5.93,5.43,5.80,0.11,-0.29,0.17,39.41,0.15,-122.50,0.03,-9.79,0.03,0.30,0.31,0.91,0.12,6.29,-2.69,R
1.365,62,104,112,97,96,-2.17,-7.58,6.52,-0.11,-0.53,0.06,-7.25,0.05,7.04,0.04,-0.05,0.00,-6.39,3.51,6.41,-0.03,-0.02,0.02,-5.76,5.41,5.90,-0.05,-0.08,0.04,39.41,0.15,-122.50,0.03,-9.79,0.03,0.29,0.32,0.92,0.79,1.34,-0.85,R
1.466,49,103,112,97,92,-1.92,-7.10,6.34,-0.04,-0.30,0.03,-7.02,-0.27,7.09,0.05,-0.02,0.01,-6.42,3.09,6.47,-0.03,-0.03,0.01,-5.76,5.23,5.96,-0.00,-0.07,0.04,39.41,0.15,-122.50,0.03,-9.79,0.03,0.29,0.31,0.92,0.67,-0.49,0.18,R
1.567,44,103,112,96,88,-1.54,-7.41,6.63,0.09,-0.34,0.10,-7.11,0.23,7.13,-0.05,0.01,0.05,-6.43,3.14,6.67,-0.03,-0.01,0.01,-5.54,5.34,5.94,0.01,-0.11,0.09,39.41,0.15,-122.50,0.03,-9.79,0.03,0.31,0.31,0.91,-0.43,1.65,-0.18,R
1.668,38,100,110,96,86,-1.50,-7.41,6.65,-0.09,0.00,0.02,-7.12,0.06,7.16,0.07,0.01,0.03,-6.59,3.12,6.73,0.06,-0.01,0.02,-5.48,5.45,6.02,0.05,0.02,0.04,39.41,0.15,-122.50,0.03,-9.79,0.03,0.30,0.31,0.92,0.31,1.22,-0.37,R
1.769,39,100,110,97,85,-1.47,-7.02,6.40,0.02,-0.12,0.02,-7.05,-0.21,7.00,0.01,0.03,-0.00,-6.67,2.98,6.79,-0.01,0.00,0.00,-5.62,5.41,6.10,0.07,0.00,0.02,39.41,0.15,-122.50,0.03,-9.79,0.03,0.30,0.30,0.92,0.37,-0.37,-0.18,R
1.869,37,102,113,94,83,-1.38,-7.24,6.69,-0.11,-0.08,0.02,-6.96,-0.14,7.09,0.03,0.00,-0.00,-6.45,3.18,6.61,-0.01,-0.01,-0.00,-5.46,5.36,6.01,-0.01,0.01,0.01,39.41,0.15,-122.50,0.03,-9.79,0.03,0.28,0.31,0.92,0.43,-1.71,0.12,R
1.971,36,102,110,95,86,-1.41,-7.24,6.61,-0.02,0.04,-0.01,-7.01,0.00,7.20,-0.04,0.03,-0.01,-6.44,3.09,6.65,-0.03,-0.00,-0.00,-5.50,5.42,6.12,0.01,0.01,0.00,39.41,0.15,-122.50,0.03,-9.79,0.03,0.30,0.31,0.92,0.67,-0.79,0.12,R
2.072,37,100,110,95,85,-1.36,-7.33,6.65,-0.02,0.01,-0.01,-6.89,0.14,7.01,-0.14,0.04,-0.01,-6.50,3.21,6.55,-0.06,0.02,-0.01,-5.54,5.36,6.02,0.00,0.03,-0.01,39.41,0.15,-122.50,0.03,-9.79,0.03,0.30,0.31,0.92,1.16,-0.24,-0.18,R
2.172,38,100,113,93,84,-1.63,-7.03,6.63,-0.10,0.25,-0.06,-7.52,0.56,7.27,0.09,0.13,0.00,-6.72,3.62,6.63,0.05,0.02,-0.04,-5.46,5.69,5.95,0.03,0.03,-0.03,39.41,0.15,-122.50,0.03,-9.79,0.03,0.31,0.30,0.91,0.55,-2.14,-1.28,R
2.276,40,100,112,94,82,-1.49,-7.47,6.55,-0.03,0.05,-0.02,-7.07,-0.13,6.96,0.17,0.03,0.03,-6.50,3.03,6.55,0.03,-0.01,-0.03,-5.58,5.64,6.09,0.09,0.01,-0.03,39.41,0.15,-122.50,0.03,-9.79,0.03,0.31,0.31,0.91,-0.06,-1.71,-2.01,R
2.375,43,85,110,96,83,-1.54,-7.50,6.45,0.03,0.11,-0.07,-7.15,0.06,6.90,0.00,0.03,-0.06,-6.56,3.20,6.48,-0.00,-0.03,-0.06,-5.37,5.46,5.98,-0.01,-0.03,-0.06,39.41,0.15,-122.50,0.03,-9.79,0.03,0.29,0.31,0.91,-1.22,-0.49,-2.32,R
2.476,42,100,112,95,85,-1.63,-7.48,6.59,-0.05,0.18,-0.09,-7.15,0.10,6.91,0.12,0.05,-0.02,-6.55,3.21,6.64,-0.00,0.01,-0.03,-5.55,5.33,5.95,0.05,0.02,0.00,39.41,0.15,-122.50,0.03,-9.79,0.03,0.29,0.31,0.91,-0.37,0.55,-1.46,R
2.577,43,100,110,96,84,-1.52,-7.52,6.53,0.02,0.07,-0.08,-7.13,0.45,6.89,0.06,0.03,-0.09,-6.47,3.71,6.51,0.10,-0.01,-0.04,-5.49,5.60,5.96,0.06,-0.00,-0.02,39.41,0.15,-122.50,0.03,-9.79,0.03,0.29,0.32,0.91,-0.06,2.81,-2.99,R
2.678,42,99,113,94,85,-1.50,-7.51,6.55,0.03,-0.05,-0.04,-7.18,-0.21,6.95,0.09,0.00,-0.04,-6.58,3.00,6.70,0.05,-0.01,-0.04,-5.62,5.47,6.09,0.06,-0.02,-0.04,39.41,0.15,-122.50,0.03,-9.79,0.03,0.29,0.31,0.91,-0.18,-0.73,-2.32,R
2.779,38,99,112,93,86,-1.44,-7.51,6.47,0.05,-0.07,0.03,-7.09,-0.18,6.90,0.02,-0.00,-0.03,-6.51,2.90,6.68,0.00,-0.02,-0.03,-5.67,5.28,6.05,0.05,-0.03,-0.05,39.41,0.15,-122.50,0.03,-9.79,0.03,0.31,0.31,0.91,-0.24,-0.79,-2.44,R
2.881,38,102,112,95,84,-1.63,-7.29,6.56,0.01,-0.00,-0.00,-7.12,0.30,6.96,0.11,-0.04,0.00,-6.59,3.32,6.57,-0.03,-0.01,0.01,-5.72,5.36,6.16,-0.01,-0.00,-0.01,39.41,0.15,-122.50,0.03,-9.79,0.03,0.30,0.31,0.91,1.34,0.18,0.55,R
2.981,37,103,114,96,85,-1.51,-7.59,6.50,-0.12,0.28,-0.04,-6.69,0.74,6.68,0.11,-0.03,-0.04,-6.54,3.32,6.44,0.08,-0.02,0.02,-5.62,5.46,5.92,0.03,0.10,-0.03,39.41,0.15,-122.50,0.03,-9.79,0.03,0.31,0.31,0.91,0.92,0.61,-0.43,R
3.082,45,103,112,94,90,-1.65,-7.51,6.37,-0.18,0.46,-0.22,-7.01,0.27,7.29,0.14,0.07,-0.05,-6.42,3.22,6.75,0.04,-0.02,0.04,-5.53,5.48,5.84,0.06,0.12,0.02,39.41,0.15,-122.50,0.03,-9.79,0.03,0.27,0.33,0.92,-0.24,1.40,-0.12,R
3.183,55,123,121,98,90,-2.03,-8.05,6.22,-0.19,0.47,-0.08,-9.11,1.13,8.33,0.06,-0.33,0.09,-6.84,4.02,6.55,0.35,-0.21,0.23,-6.23,6.23,6.55,0.01,-0.01,0.12,39.41,0.15,-122.50,0.03,-9.79,0.03,0.28,0.31,0.92,-3.17,1.53,3.17,R
3.284,65,155,130,97,106,-1.88,-7.99,6.15,-0.02,0.38,-0.12,-7.72,-0.44,7.45,0.65,1.77,0.14,-5.64,3.43,6.09,0.03,0.23,0.13,-5.19,5.62,5.66,-0.08,-0.08,0.04,39.41,0.15,-122.50,0.03,-9.79,0.03,0.29,0.32,0.91,-5.07,-0.18,3.66,R
3.385,67,169,139,97,119,-2.12,-8.15,6.51,-0.02,-0.25,0.23,-11.39,0.24,5.42,0.25,1.28,0.17,-6.75,3.78,7.47,0.10,-0.29,0.05,-5.52,5.74,6.30,0.05,-0.42,0.09,39.41,0.15,-122.50,0.03,-9.79,0.03,0.27,0.33,0.92,-3.91,0.12,2.62,R
3.486,72,186,141,96,120,-2.01,-7.29,6.38,0.08,-0.60,0.11,-6.96,1.14,5.59,0.20,-0.54,0.17,-5.02,3.89,5.95,0.04,-0.20,0.16,-4.64,5.62,6.03,0.00,-0.25,0.13,39.41,0.15,-122.50,0.03,-9.79,0.03,0.33,0.36,0.89,-5.49,5.37,5.19,R
3.587,78,196,146,96,120,-2.03,-7.71,6.91,0.06,-0.03,0.01,-8.19,1.15,6.39,0.18,-0.17,0.03,-5.53,4.20,6.49,0.06,-0.16,0.09,-4.87,5.54,6.48,0.02,-0.21,0.06,39.41,0.15,-122.50,0.03,-9.79,0.03,0.31,0.35,0.89,-0.31,3.91,1.53,R
3.687,83,191,150,94,117,-1.89,-7.74,6.68,0.02,0.03,0.04,-9.24,1.55,6.23,-0.14,-0.41,0.18,-6.25,5.02,7.04,0.05,-0.23,0.07,-4.97,6.38,6.67,-0.01,-0.17,0.12,39.41,0.15,-122.50,0.03,-9.79,0.03,0.30,0.35,0.90,-3.48,1.10,2.50,R
3.789,79,184,149,96,119,-1.46,-7.23,6.22,0.03,-0.23,0.11,-7.58,1.75,6.86,-0.21,-0.94,0.02,-5.77,4.24,7.44,-0.10,-0.10,-0.07,-4.66,5.76,6.51,-0.05,-0.08,-0.09,39.41,0.15,-122.50,0.03,-9.79,0.03,0.30,0.35,0.90,4.15,-1.95,0.98,R
3.89,77,174,142,96,117,-1.53,-7.59,6.34,-0.02,-0.33,0.10,-5.65,1.06,6.94,-0.28,-3.52,0.29,-5.23,4.05,7.39,-0.20,-0.79,-0.04,-4.29,5.51,6.28,-0.12,-0.19,-0.06,39.41,0.15,-122.50,0.03,-9.79,0.03,0.31,0.36,0.89,1.28,-3.36,3.23,R
3.991,76,128,124,97,118,-1.25,-7.71,6.36,-0.02,-0.24,0.01,-3.90,-0.89,8.38,-0.14,-2.33,0.07,-4.59,3.47,7.49,-0.19,-0.74,0.06,-4.33,5.38,6.75,-0.05,-0.12,0.07,39.41,0.15,-122.50,0.03,-9.79,0.03,0.29,0.36,0.89,-3.72,-1.34,2.93,R
4.092,77,94,117,97,119,-1.20,-7.46,6.28,0.02,-0.17,0.04,0.38,2.07,8.32,0.03,-1.17,-0.06,-3.79,3.84,7.52,-0.12,-0.31,0.01,-4.02,5.56,6.52,-0.04,-0.01,0.01,39.41,0.15,-122.50,0.03,-9.79,0.03,0.31,0.38,0.89,-1.10,1.77,1.34,R
4.193,77,68,108,97,119,-1.44,-8.06,6.85,-0.05,-0.09,-0.01,-0.47,0.77,10.08,0.03,-0.09,-0.00,-3.82,3.68,7.83,0.04,-0.05,0.06,-4.12,5.47,6.83,0.04,0.02,0.07,39.41,0.15,-122.50,0.03,-9.79,0.03,0.29,0.37,0.89,-2.20,3.23,1.46,R
4.294,78,62,107,97,118,-1.38,-7.71,6.66,-0.01,-0.01,-0.06,-1.11,0.89,10.78,0.03,0.49,-0.01,-3.78,4.15,7.79,0.08,0.09,0.07,-3.81,5.76,6.57,0.03,0.04,0.09,39.41,0.15,-122.50,0.03,-9.79,0.03,0.29,0.38,0.89,-3.05,2.32,1.89,R
4.396,79,113,118,96,117,-1.56,-7.95,6.98,0.03,0.01,-0.21,0.63,-0.77,9.69,0.39,2.05,0.29,-3.46,3.76,7.10,0.02,0.66,0.29,-3.57,5.17,6.50,0.05,-0.02,0.20,39.41,0.15,-122.50,0.03,-9.79,0.03,0.30,0.39,0.86,-8.61,7.75,2.99,R
4.496,85,168,137,97,115,-0.95,-6.83,6.21,0.02,-0.01,0.13,-3.10,2.77,8.12,0.39,1.35,0.29,-4.48,4.48,7.62,-0.09,0.28,0.14,-3.96,6.22,6.96,0.04,-0.17,0.01,39.41,0.15,-122.50,0.03,-9.79,0.03,0.32,0.37,0.88,5.80,2.50,-0.92,R
4.597,90,193,140,97,114,-1.41,-7.38,6.76,-0.08,0.03,0.10,-4.58,2.82,8.23,0.54,1.56,0.32,-4.50,4.52,7.44,0.05,0.18,0.25,-4.05,6.16,7.32,0.09,-0.29,0.17,39.41,0.15,-122.50,0.03,-9.79,0.03,0.30,0.38,0.88,0.85,9.09,0.98,R
4.698,105,214,149,94,115,-1.60,-6.76,6.54,0.03,0.06,0.10,-8.10,4.10,7.33,0.28,2.12,0.56,-4.91,5.02,7.34,0.07,0.39,0.44,-3.85,6.02,7.35,0.12,-0.10,0.35,39.41,0.15,-122.50,0.03,-9.79,0.03,0.34,0.37,0.89,2.87,14.47,5.62,R
4.799,116,233,151,96,115,-1.55,-7.70,6.98,0.10,0.34,-0.05,-8.76,3.66,4.63,-0.32,1.99,0.54,-4.83,4.15,7.23,-0.03,0.14,0.43,-3.22,5.39,7.05,0.07,-0.13,0.34,39.41,0.15,-122.50,0.03,-9.79,0.03,0.37,0.38,0.87,-1.22,12.33,2.93,R
4.9,131,248,158,97,114,-2.83,-7.31,8.53,0.27,0.75,-0.07,-10.25,4.12,3.95,-0.38,1.65,0.55,-6.11,6.05,7.73,0.09,0.28,0.69,-3.64,6.59,7.71,0.18,0.00,0.58,39.41,0.15,-122.50,0.03,-9.79,0.03,0.39,0.36,0.88,-8.67,25.45,3.05,R
5.002,151,255,155,93,112,-1.41,-7.20,6.55,0.16,0.74,-0.04,-10.98,4.17,0.82,0.04,1.03,0.51,-5.13,5.35,7.27,0.30,0.16,0.24,-3.36,7.30,7.72,0.20,-0.03,0.10,39.41,0.15,-122.50,0.03,-9.79,0.03,0.41,0.37,0.85,0.61,11.78,-3.72,R
5.102,163,255,152,95,112,-1.43,-6.50,6.15,0.12,0.36,0.01,-9.50,3.38,1.05,-0.01,1.18,0.18,-5.29,5.02,8.01,0.07,0.33,0.11,-3.35,6.47,8.16,0.13,0.12,-0.02,39.41,0.15,-122.50,0.03,-9.79,0.03,0.44,0.39,0.83,9.22,1.04,-2.44,R
5.203,168,255,139,95,110,-1.68,-6.10,6.13,0.13,0.33,-0.20,-7.93,4.32,1.42,0.24,0.46,0.13,-3.06,4.49,5.66,-0.10,0.29,-0.01,-1.78,5.85,6.56,0.04,0.12,-0.06,39.41,0.15,-122.50,0.03,-9.79,0.03,0.42,0.42,0.81,6.84,-0.61,-3.30,R
5.304,166,252,153,96,108,-2.44,-6.78,6.67,0.14,0.13,-0.19,-8.07,4.09,0.70,0.08,0.29,0.01,-2.77,4.97,5.50,-0.15,0.28,0.10,-2.36,6.56,6.12,-0.04,0.11,-0.09,39.41,0.15,-122.50,0.03,-9.79,0.03,0.40,0.41,0.81,2.32,1.34,-0.49,R
5.405,159,249,152,94,107,-2.55,-7.51,7.05,-0.04,-0.63,0.15,-9.29,3.88,0.16,0.03,-0.31,-0.02,-5.16,5.75,6.79,-0.04,0.01,-0.00,-2.57,6.88,6.78,-0.03,0.02,0.02,39.41,0.15,-122.50,0.03,-9.79,0.03,0.41,0.37,0.84,-2.87,2.56,2.08,R
5.506,145,249,147,92,108,-1.40,-7.95,6.63,-0.16,-0.81,0.18,-7.34,3.33,1.60,-0.20,-2.35,-0.18,-3.96,4.88,6.14,-0.19,-0.30,-0.06,-2.29,6.43,6.77,-0.17,0.04,-0.01,39.41,0.15,-122.50,0.03,-9.79,0.03,0.39,0.40,0.84,-3.30,-5.00,4.88,R
5.607,135,228,141,96,109,-1.31,-7.26,6.78,-0.08,-0.36,0.01,-6.07,2.10,2.16,-0.45,-2.90,-0.11,-3.74,5.09,6.56,-0.22,-0.31,-0.02,-2.26,6.32,6.67,0.00,0.13,0.08,39.41,0.15,-122.50,0.03,-9.79,0.03,0.41,0.41,0.83,-1.95,-3.72,5.62,R
5.709,128,216,139,94,108,-1.33,-7.25,6.73,-0.09,-0.15,-0.09,-7.42,3.67,5.63,-0.38,-4.78,-0.35,-3.66,5.23,7.08,-0.10,-0.43,-0.08,-1.93,6.50,6.25,-0.00,0.11,0.00,39.41,0.15,-122.50,0.03,-9.79,0.03,0.37,0.42,0.84,0.73,-1.89,3.97,R
5.809,121,179,134,94,110,-1.27,-7.67,7.11,-0.01,-0.06,-0.18,-3.41,2.23,8.37,-0.51,-2.27,-0.38,-3.48,5.67,6.61,-0.22,-0.35,-0.14,-2.15,6.73,6.45,-0.05,0.16,0.06,39.41,0.15,-122.50,0.03,-9.79,0.03,0.36,0.42,0.85,-9.58,-4.64,3.97,R
5.91,118,156,126,95,109,-0.85,-7.02,6.84,0.02,-0.05,0.01,-1.75,2.09,8.42,-0.24,-1.43,-0.41,-3.49,5.13,7.97,-0.06,-0.53,-0.20,-2.56,6.63,7.02,-0.02,0.06,-0.09,39.41,0.15,-122.50,0.03,-9.79,0.03,0.38,0.42,0.84,1.77,-3.48,-0.61,R
6.011,113,128,118,95,107,-0.85,-7.17,6.79,0.11,-0.01,-0.18,-1.77,2.12,10.68,0.03,-0.47,-0.65,-2.97,4.58,7.67,-0.12,-0.15,-0.17,-2.47,6.01,6.75,-0.04,0.11,-0.08,39.41,0.15,-122.50,0.03,-9.79,0.03,0.37,0.44,0.83,-2.62,-2.99,-0.79,R
6.112,109,102,113,93,110,-0.74,-7.36,6.88,0.07,0.03,-0.10,-0.37,2.20,8.53,-0.37,0.48,-0.34,-3.31,4.73,8.37,-0.13,-0.03,-0.15,-2.78,6.08,7.25,-0.04,0.04,-0.11,39.41,0.15,-122.50,0.03,-9.79,0.03,0.37,0.43,0.83,1.40,-2.56,-1.53,R
6.213,108,90,108,93,108,-0.46,-6.93,6.61,0.04,0.04,-0.01,-1.10,2.52,9.96,-0.15,0.41,-0.21,-3.43,4.56,8.24,-0.02,-0.04,-0.18,-2.83,6.48,6.89,0.01,-0.03,-0.18,39.41,0.15,-122.50,0.03,-9.79,0.03,0.36,0.42,0.85,1.34,-5.37,-3.17,R
6.314,106,91,108,97,110,-0.63,-6.62,6.67,0.03,-0.07,-0.02,-0.36,1.36,9.39,-0.18,-0.25,-0.06,-3.31,4.71,8.12,-0.16,-0.15,-0.05,-2.75,6.06,6.84,-0.09,-0.04,-0.05,39.41,0.15,-122.50,0.03,-9.79,0.03,0.35,0.43,0.84,0.67,-3.85,0.43,R
6.415,103,61,96,91,109,-0.59,-6.81,6.82,0.09,-0.31,0.11,0.28,-0.34,8.80,-0.14,-1.33,-0.01,-2.47,4.43,7.99,-0.29,-0.67,-0.04,-2.95,6.31,7.02,-0.15,0.01,-0.01,39.41,0.15,-122.50,0.03,-9.79,0.03,0.37,0.42,0.84,0.79,-2.56,2.20,R
6.516,99,3,83,92,110,-0.91,-7.16,7.52,0.04,-0.05,0.10,1.12,1.00,9.44,0.23,0.02,-0.11,-2.55,4.47,8.28,0.02,0.04,0.07,-2.96,6.19,7.00,0.01,0.07,0.08,39.41,0.15,-122.50,0.03,-9.79,0.03,0.38,0.43,0.84,0.18,3.42,1.59,R
6.617,99,1,85,92,110,-0.78,-7.05,7.16,0.02,0.01,0.00,1.00,1.28,9.64,-0.01,0.06,-0.06,-2.60,4.44,8.64,0.01,0.04,-0.01,-3.02,6.38,7.17,0.02,0.04,0.01,39.41,0.15,-122.50,0.03,-9.79,0.03,0.37,0.43,0.84,1.34,1.71,-0.06,R
6.718,100,30,91,93,110,-0.47,-7.68,6.60,0.03,0.39,-0.06,-1.55,1.39,10.12,0.44,4.61,0.17,-3.16,4.30,8.14,0.28,1.07,-0.03,-2.98,6.09,6.85,0.14,0.07,0.01,39.41,0.15,-122.50,0.03,-9.79,0.03,0.36,0.42,0.86,-1.65,-1.22,-4.03,R
6.819,105,141,123,92,107,-0.75,-6.63,6.98,0.18,0.50,-0.24,-5.80,0.60,9.19,0.50,5.94,0.59,-4.10,4.86,8.10,0.12,1.29,0.19,-3.04,6.56,6.84,0.14,0.15,0.12,39.41,0.15,-122.50,0.03,-9.79,0.03,0.37,0.42,0.84,-6.10,-0.18,-4.27,R
6.92,113,186,137,93,110,-0.89,-6.30,7.11,0.06,0.13,-0.02,-5.74,2.02,6.06,0.01,2.30,0.16,-3.97,4.79,7.56,-0.02,0.59,0.00,-3.01,6.21,6.95,-0.03,0.12,-0.06,39.41,0.15,-122.50,0.03,-9.79,0.03,0.39,0.44,0.82,4.76,-1.04,-2.08,R
7.021,111,188,142,94,110,-1.14,-7.04,7.37,-0.07,-0.04,-0.04,-7.82,2.43,8.28,-0.66,-2.21,0.09,-3.98,4.59,7.19,-0.12,-0.13,-0.05,-2.96,6.13,6.95,-0.06,0.03,-0.09,39.41,0.15,-122.50,0.03,-9.79,0.03,0.38,0.44,0.83,3.66,-2.69,1.28,R
7.122,107,170,119,93,111,-1.05,-7.13,7.36,-0.06,-0.13,0.05,-4.19,1.82,8.02,-0.06,-2.26,-0.21,-4.26,4.64,7.32,-0.08,-0.18,-0.06,-3.25,6.25,7.02,-0.03,0.02,-0.04,39.41,0.15,-122.50,0.03,-9.79,0.03,0.35,0.42,0.85,1.59,-1.46,0.49,R
7.223,103,136,125,93,109,-0.85,-6.90,7.13,-0.04,-0.06,0.03,-1.72,1.52,9.22,-0.05,-1.34,-0.22,-4.06,4.71,7.69,-0.10,-0.24,-0.07,-3.16,6.16,6.98,-0.05,0.01,-0.04,39.41,0.15,-122.50,0.03,-9.79,0.03,0.36,0.43,0.84,3.05,-2.32,0.49,R
7.324,102,113,120,89,109,-0.94,-7.18,7.14,-0.00,0.03,0.03,-1.62,1.33,6.80,0.19,1.05,-0.15,-4.03,4.68,7.28,0.03,0.19,0.03,-3.33,6.48,7.04,0.05,0.08,0.07,39.41,0.15,-122.50,0.03,-9.79,0.03,0.37,0.42,0.85,-1.89,2.44,-0.85,R
7.424,104,156,125,93,109,-1.06,-7.74,7.37,0.13,0.16,-0.13,-8.63,1.62,7.60,0.64,5.85,0.69,-4.62,4.52,7.61,0.11,0.94,0.21,-3.10,6.53,6.59,0.13,0.16,0.17,39.41,0.15,-122.50,0.03,-9.79,0.03,0.36,0.42,0.84,-9.64,7.51,-0.43,R
7.526,115,195,140,90,110,-0.88,-6.52,7.16,0.01,0.25,-0.09,-8.47,1.83,6.74,0.50,2.03,0.29,-4.38,4.26,7.19,0.01,0.54,-0.00,-3.05,6.13,6.88,0.06,0.13,-0.07,39.41,0.15,-122.50,0.03,-9.79,0.03,0.35,0.44,0.84,3.36,0.43,-3.17,R
7.627,120,224,144,92,110,-1.25,-6.45,7.45,0.09,0.05,-0.10,-8.64,2.07,4.11,0.05,1.73,0.15,-4.37,4.29,7.00,-0.04,0.20,0.03,-2.66,5.66,6.46,-0.00,0.04,-0.03,39.41,0.15,-122.50,0.03,-9.79,0.03,0.38,0.45,0.82,1.89,-0.24,-0.73,R
7.728,120,225,146,91,110,-1.30,-6.97,7.58,-0.01,0.02,0.04,-7.37,1.84,1.86,-0.03,0.20,0.04,-4.83,4.87,6.59,-0.04,0.13,0.02,-3.27,6.09,6.79,-0.02,0.04,0.03,39.41,0.15,-122.50,0.03,-9.79,0.03,0.37,0.43,0.84,-0.73,-0.12,-0.24,R
7.829,119,221,146,93,110,-1.08,-6.74,7.37,-0.01,-0.00,0.04,-6.79,2.55,1.58,-0.04,-0.67,0.02,-4.62,5.02,6.42,-0.04,-0.00,-0.02,-3.13,6.54,6.71,-0.01,0.02,-0.04,39.41,0.15,-122.50,0.03,-9.79,0.03,0.38,0.43,0.84,3.30,-1.53,-1.16,R
7.93,116,219,144,93,110,-1.18,-6.58,7.17,0.01,-0.04,-0.01,-8.61,2.90,3.16,-0.35,-1.31,-0.00,-4.73,5.07,6.73,-0.06,-0.07,0.01,-3.06,6.43,6.65,-0.00,0.02,-0.00,39.41,0.15,-122.50,0.03,-9.79,0.03,0.37,0.44,0.83,1.71,0.00,0.92,R
8.031,114,216,141,93,109,-1.25,-7.17,7.36,-0.03,0.03,0.00,-9.26,2.91,4.40,-0.06,-0.54,0.03,-5.17,5.09,7.00,-0.06,-0.08,-0.01,-3.30,6.42,6.83,-0.02,-0.02,0.01,39.41,0.15,-122.50,0.03,-9.79,0.03,0.37,0.42,0.85,-1.22,-0.85,0.73,R
8.133,112,212,142,93,108,-1.01,-6.79,7.18,-0.06,0.04,0.03,-8.67,2.70,4.41,0.07,-0.03,-0.06,-5.16,4.97,7.01,-0.03,0.05,-0.06,-3.31,6.35,6.80,-0.00,0.04,-0.06,39.41,0.15,-122.50,0.03,-9.79,0.03,0.37,0.42,0.84,3.23,-2.69,-0.61,R
8.233,114,215,155,90,108,-0.96,-6.90,7.09,0.05,0.07,-0.01,-10.47,3.13,4.28,0.08,0.14,0.06,-5.91,5.02,6.83,0.02,0.57,0.04,-3.43,6.52,7.02,-0.01,0.01,0.05,39.41,0.15,-122.50,0.03,-9.79,0.03,0.38,0.42,0.84,-2.01,0.92,0.92,R
8.335,113,212,157,89,109,-1.36,-7.15,7.57,-0.02,0.06,0.07,-10.29,2.96,3.57,0.13,0.63,-0.00,-6.05,5.33,6.73,0.01,0.04,0.01,-3.54,6.59,7.02,0.02,0.02,0.05,39.41,0.15,-122.50,0.03,-9.79,0.03,0.36,0.42,0.85,-0.61,1.16,0.37,R
8.435,115,216,155,90,109,-1.07,-6.47,7.21,0.03,0.07,0.02,-9.19,2.86,3.04,0.17,0.72,-0.06,-5.81,5.13,6.56,0.03,0.02,-0.05,-3.42,6.70,6.65,0.02,0.00,-0.06,39.41,0.15,-122.50,0.03,-9.79,0.03,0.38,0.42,0.84,2.56,-2.08,-2.01,R
8.537,114,215,157,92,105,-1.01,-6.43,7.05,0.00,0.00,0.00,-8.01,2.84,2.84,0.04,0.18,-0.05,-5.04,4.88,6.03,-0.02,0.04,-0.04,-3.14,6.26,6.58,-0.01,0.06,-0.08,39.41,0.15,-122.50,0.03,-9.79,0.03,0.38,0.44,0.83,4.09,-1.53,-1.04,R
8.637,114,215,157,92,108,-1.21,-6.95,7.22,-0.00,-0.03,-0.03,-8.54,3.00,2.70,0.03,0.10,0.00,-5.29,4.59,6.31,-0.03,0.03,0.03,-3.19,6.09,6.68,0.01,0.02,0.00,39.41,0.15,-122.50,0.03,-9.79,0.03,0.37,0.43,0.83,-0.31,1.59,-0.24,R
8.738,114,215,153,93,107,-1.26,-6.99,7.44,0.01,-0.01,-0.06,-9.13,3.12,2.78,0.02,-0.03,0.01,-5.45,4.97,6.17,-0.04,-0.03,0.05,-3.10,6.22,6.33,0.01,0.01,0.05,39.41,0.15,-122.50,0.03,-9.79,0.03,0.36,0.42,0.84,-2.26,1.04,0.92,R
8.838,114,218,153,91,109,-1.16,-6.92,7.47,-0.01,0.05,0.03,-9.38,3.11,2.45,-0.02,-0.08,0.05,-5.79,5.39,6.28,-0.01,-0.06,0.03,-3.38,6.68,6.64,-0.01,-0.03,0.06,39.41,0.15,-122.50,0.03,-9.79,0.03,0.37,0.41,0.85,-1.65,-0.37,0.31,R
8.939,113,216,152,92,110,-1.06,-6.90,7.43,-0.03,0.06,0.04,-10.02,3.15,2.86,0.05,0.13,-0.01,-5.94,5.23,6.64,-0.00,-0.02,-0.02,-3.58,6.71,6.88,0.01,-0.00,0.00,39.41,0.15,-122.50,0.03,-9.79,0.03,0.37,0.41,0.85,1.53,-0.98,-0.61,R
9.041,114,218,152,90,109,-0.99,-6.61,7.16,0.01,0.06,0.05,-10.39,3.12,2.66,-0.07,0.06,0.00,-6.20,5.51,6.91,-0.01,0.03,-0.05,-3.78,7.08,7.26,0.01,0.02,-0.02,39.41,0.15,-122.50,0.03,-9.79,0.03,0.38,0.41,0.85,3.60,-1.53,-0.43,R
9.141,114,214,153,92,108,-0.86,-6.48,7.03,0.00,0.01,0.01,-8.73,3.33,2.68,0.08,0.21,0.01,-5.48,5.05,6.44,-0.01,0.07,-0.02,-3.42,6.49,7.02,-0.01,0.05,-0.04,39.41,0.15,-122.50,0.03,-9.79,0.03,0.38,0.43,0.83,3.54,-0.24,-0.49,R
9.243,114,216,150,93,109,-1.08,-6.74,7.14,0.02,-0.06,-0.04,-8.41,2.96,2.64,0.01,0.11,0.03,-5.07,4.69,6.24,-0.03,0.06,0.01,-3.01,6.05,6.62,-0.01,0.05,-0.04,39.41,0.15,-122.50,0.03,-9.79,0.03,0.37,0.44,0.82,1.65,0.61,0.00,R
9.344,114,212,152,93,109,-1.33,-6.85,7.41,0.01,-0.03,-0.04,-8.54,3.51,2.48,-0.07,0.09,0.01,-5.12,4.89,5.99,-0.05,0.02,0.04,-2.95,6.07,6.35,-0.02,0.05,0.02,39.41,0.15,-122.50,0.03,-9.79,0.03,0.37,0.44,0.83,-0.79,0.85,1.28,R
9.446,115,214,152,91,108,-1.42,-6.95,7.57,0.02,-0.02,-0.09,-9.52,3.39,2.33,-0.05,-0.16,0.09,-5.40,4.97,6.17,0.01,-0.05,0.06,-2.90,5.97,6.35,-0.00,0.02,0.09,39.41,0.15,-122.50,0.03,-9.79,0.03,0.37,0.44,0.83,-4.46,2.20,1.40,R
9.546,114,212,152,91,109,-1.34,-7.25,7.68,-0.07,0.07,0.06,-10.25,3.23,2.31,0.01,0.05,-0.04,-6.15,5.25,6.48,-0.04,-0.03,0.01,-3.48,6.85,6.65,-0.00,0.01,0.05,39.41,0.15,-122.50,0.03,-9.79,0.03,0.37,0.41,0.85,0.00,-1.10,0.73,R
9.646,113,212,152,103,109,-1.19,-6.86,7.41,0.00,0.06,0.06,-9.40,3.06,2.29,-0.05,0.16,-0.03,-6.03,5.35,6.59,-0.05,0.02,-0.03,-3.47,6.51,6.75,-0.01,0.00,-0.01,39.41,0.15,-122.50,0.03,-9.79,0.03,0.38,0.41,0.84,2.56,-1.34,0.18,R
9.748,114,212,150,90,108,-0.97,-6.74,7.03,0.02,0.01,-0.03,-8.66,2.78,2.47,-0.01,0.14,0.01,-5.48,5.26,6.37,0.25,0.08,-0.03,-3.15,6.07,6.53,-0.01,0.03,-0.05,39.41,0.15,-122.50,0.03,-9.79,0.03,0.37,0.43,0.83,1.16,0.73,-0.49,R
9.849,115,215,151,90,109,-1.22,-6.80,7.32,-0.00,-0.05,-0.05,-8.48,2.80,2.29,-0.01,0.05,0.02,-5.04,4.73,5.94,-0.08,0.01,0.04,-2.94,5.75,6.52,0.00,0.04,0.01,39.41,0.15,-122.50,0.03,-9.79,0.03,0.36,0.44,0.83,-0.79,0.98,1.04,R
9.95,114,215,150,90,105,-1.36,-7.10,7.48,-0.03,-0.01,0.01,-9.14,3.06,1.95,-0.01,0.03,0.04,-5.36,5.26,5.86,-0.04,-0.05,0.06,-3.13,6.25,6.51,-0.04,-0.02,0.05,39.41,0.15,-122.50,0.03,-9.79,0.03,0.36,0.43,0.84,-1.10,0.61,1.77,R
10.051,114,226,146,90,110,-1.35,-7.02,7.50,-0.02,0.05,0.10,-8.03,2.57,0.09,0.09,1.31,0.19,-5.77,5.41,6.28,0.09,-0.05,0.07,-3.53,6.47,6.77,0.01,-0.05,0.05,39.41,0.15,-122.50,0.03,-9.79,0.03,0.38,0.41,0.85,-0.79,2.01,-0.37,R
10.152,114,235,146,91,106,-0.93,-6.40,6.96,-0.01,0.06,0.11,-8.76,2.86,0.57,0.05,0.14,-0.03,-5.64,5.33,6.19,-0.03,0.01,-0.06,-3.57,6.70,6.86,-0.02,-0.01,-0.05,39.41,0.15,-122.50,0.03,-9.79,0.03,0.38,0.41,0.85,3.30,-3.05,-0.85,R
10.254,116,239,151,89,108,-1.19,-6.45,7.20,0.05,0.01,-0.02,-8.56,3.14,0.61,-0.04,0.44,0.02,-4.72,4.95,5.87,-0.04,0.07,-0.02,-3.02,6.12,6.52,-0.00,0.08,-0.05,39.41,0.15,-122.50,0.03,-9.79,0.03,0.39,0.43,0.82,4.70,-0.18,-1.16,R
10.354,114,240,149,92,108,-1.15,-6.77,7.00,0.07,-0.04,-0.12,-7.68,3.51,-0.16,-0.04,0.26,0.04,-4.67,4.80,5.96,-0.03,0.07,0.03,-2.79,5.89,6.35,0.01,0.04,-0.03,39.41,0.15,-122.50,0.03,-9.79,0.03,0.38,0.44,0.82,2.93,1.46,-1.22,R
10.455,115,238,146,89,109,-1.56,-7.37,7.60,0.00,-0.05,-0.05,-9.20,3.68,-0.13,-0.03,-0.19,0.05,-5.33,5.21,6.03,-0.03,-0.05,0.07,-2.97,6.20,6.49,-0.02,-0.01,0.06,39.41,0.15,-122.50,0.03,-9.79,0.03,0.37,0.43,0.83,-3.23,0.85,1.40,R
10.556,116,238,150,91,110,-1.60,-6.88,7.66,-0.00,0.04,-0.00,-9.73,4.07,-0.70,-0.07,-0.09,0.03,-5.69,5.53,6.24,-0.04,-0.03,0.04,-3.25,6.58,6.57,0.00,-0.01,0.05,39.41,0.15,-122.50,0.03,-9.79,0.03,0.38,0.41,0.84,-1.34,-0.06,1.53,R
10.657,115,237,147,91,109,-1.30,-6.78,7.35,-0.01,0.06,0.05,-10.02,3.62,-0.80,0.01,0.04,0.04,-6.16,5.81,6.45,0.03,-0.06,0.02,-3.55,7.00,6.73,0.01,-0.06,0.07,39.41,0.15,-122.50,0.03,-9.79,0.03,0.38,0.40,0.85,-1.89,0.73,0.61,R
10.758,115,238,150,89,108,-1.18,-6.78,7.22,-0.03,0.09,0.09,-9.73,3.47,-0.55,0.12,0.48,0.01,-6.24,5.43,6.83,-0.02,0.05,-0.04,-3.89,6.93,7.09,0.04,-0.01,-0.02,39.41,0.15,-122.50,0.03,-9.79,0.03,0.39,0.39,0.85,4.64,-0.85,-1.22,R
10.859,117,239,149,91,109,-0.82,-6.24,6.68,0.03,0.01,0.05,-8.03,2.52,-0.15,0.05,0.65,0.11,-5.32,5.10,6.41,0.00,0.09,-0.00,-3.19,6.35,6.74,0.03,0.04,-0.05,39.41,0.15,-122.50,0.03,-9.79,0.03,0.39,0.43,0.83,4.58,-0.49,-1.71,R
10.959,119,240,147,92,108,-1.40,-6.64,7.23,0.02,-0.01,-0.05,-8.37,3.46,-1.06,0.01,0.22,0.08,-4.89,5.07,5.81,-0.00,0.03,0.05,-2.82,6.15,6.36,0.03,0.04,-0.01,39.41,0.15,-122.50,0.03,-9.79,0.03,0.38,0.43,0.82,1.34,1.71,-1.16,R
11.061,120,242,149,91,108,-1.63,-6.96,7.61,0.00,-0.05,0.02,-8.45,3.58,-2.04,-0.14,0.02,0.10,-5.27,5.62,5.67,-0.02,0.00,0.12,-3.00,6.33,6.36,0.01,0.05,0.11,39.41,0.15,-122.50,0.03,-9.79,0.03,0.39,0.42,0.83,-2.08,2.81,1.89,R
11.163,123,244,150,91,108,-1.45,-7.88,7.51,-0.07,-0.02,0.03,-8.80,5.06,-2.29,0.23,0.57,0.30,-5.66,5.75,6.11,-0.01,0.11,0.13,-3.19,6.49,6.53,-0.00,0.03,0.11,39.41,0.15,-122.50,0.03,-9.79,0.03,0.37,0.41,0.84,-2.44,3.54,1.40,R
11.262,125,246,149,89,107,-1.62,-6.86,7.62,0.02,0.06,0.03,-9.45,4.36,-3.19,0.12,0.14,0.28,-5.77,6.25,6.02,0.07,-0.10,0.06,-3.12,7.03,6.24,0.04,-0.05,0.07,39.41,0.15,-122.50,0.03,-9.79,0.03,0.38,0.41,0.85,-1.65,1.59,0.18,R
11.364,128,247,150,89,106,-1.48,-6.93,7.63,-0.02,0.13,0.04,-8.61,4.18,-3.73,-0.00,0.02,0.04,-5.99,6.09,6.24,0.00,-0.17,-0.02,-3.02,7.24,6.13,-0.05,-0.19,0.03,39.41,0.15,-122.50,0.03,-9.79,0.03,0.38,0.40,0.85,-1.46,-1.77,0.12,R
11.465,138,248,151,90,115,-1.19,-6.79,7.12,0.01,0.68,0.03,-9.56,4.46,-4.40,0.13,0.42,0.23,-7.02,6.41,6.56,0.07,0.03,0.00,-4.22,7.69,7.69,-0.09,-0.06,0.08,39.41,0.15,-122.50,0.03,-9.79,0.03,0.36,0.38,0.87,-0.85,-5.25,-1.16,R
11.567,150,248,151,92,107,-0.79,-5.83,6.49,0.18,0.48,0.01,-9.32,4.54,-4.76,-0.01,0.48,0.40,-7.83,6.75,7.53,0.20,0.40,0.02,-5.14,8.11,8.91,0.08,0.06,0.09,39.41,0.15,-122.50,0.03,-9.79,0.03,0.40,0.38,0.87,2.50,-4.94,-2.44,R
11.667,162,252,150,92,105,-0.60,-5.01,5.98,0.24,0.47,-0.08,-8.89,4.93,-3.16,0.13,0.81,0.29,-7.51,5.14,8.44,0.19,0.57,-0.13,-4.95,7.58,8.60,0.22,0.12,-0.19,39.41,0.15,-122.50,0.03,-9.79,0.03,0.45,0.41,0.82,11.66,-2.44,-5.86,R
11.768,174,249,158,92,105,-0.87,-5.76,5.66,0.36,0.54,-0.30,-6.06,4.48,-1.79,0.15,1.05,0.20,-4.21,3.62,5.97,-0.21,1.08,-0.08,-3.57,4.37,7.32,-0.14,0.47,-0.19,39.41,0.15,-122.50,0.03,-9.79,0.03,0.44,0.46,0.75,4.46,2.75,-1.65,R
11.869,182,248,160,95,104,-1.54,-5.62,6.06,0.23,0.26,-0.16,-6.39,4.43,-2.46,0.12,0.53,0.04,-4.48,4.44,5.50,-0.08,0.37,-0.12,-3.08,5.78,6.39,-0.04,0.20,-0.27,39.41,0.15,-122.50,0.03,-9.79,0.03,0.44,0.45,0.77,9.77,1.22,-3.66,R
11.969,171,247,155,93,100,-2.63,-8.37,7.42,-0.06,0.03,-0.11,-6.83,4.32,-3.59,0.08,0.05,-0.14,-4.75,4.93,5.14,-0.04,0.09,0.12,-2.94,5.57,6.17,0.11,0.09,-0.02,39.41,0.15,-122.50,0.03,-9.79,0.03,0.41,0.43,0.81,0.18,5.80,-0.73,R
12.071,160,246,155,89,101,-2.28,-9.06,7.34,-0.34,-0.67,0.24,-7.38,5.04,-4.94,0.13,-0.33,-0.14,-4.47,7.00,3.20,0.06,-0.02,0.05,-2.71,7.04,5.72,0.10,0.24,0.10,39.41,0.15,-122.50,0.03,-9.79,0.03,0.37,0.40,0.84,-2.93,3.42,0.92,R
12.171,155,246,155,88,102,-2.71,-6.52,7.91,-0.07,-0.29,0.10,-11.62,5.71,-1.86,-0.62,-2.86,-0.46,-5.84,5.34,6.13,-0.37,-0.70,-0.07,-3.02,6.34,6.39,-0.14,-0.33,-0.08,39.41,0.15,-122.50,0.03,-9.79,0.03,0.40,0.40,0.83,3.36,-1.22,3.11,R
12.273,142,244,144,86,102,-2.10,-6.95,7.29,-0.14,-0.29,0.14,-10.52,4.72,-0.80,-0.31,-2.11,-0.23,-5.62,5.89,5.81,-0.16,-0.16,-0.07,-3.37,6.87,6.90,-0.09,0.03,-0.02,39.41,0.15,-122.50,0.03,-9.79,0.03,0.38,0.39,0.86,3.30,-2.93,2.56,R
12.373,136,235,142,88,101,-1.98,-6.79,7.51,-0.05,0.06,0.02,-9.63,4.65,-0.88,0.06,-0.10,-0.03,-5.93,5.86,6.20,-0.06,0.01,-0.04,-3.47,7.00,7.08,-0.02,0.01,-0.01,39.41,0.15,-122.50,0.03,-9.79,0.03,0.39,0.39,0.85,1.71,-0.43,0.92,R
12.475,137,233,141,88,101,-1.99,-6.56,7.36,-0.06,-0.16,0.01,-9.05,4.01,0.06,-0.09,-0.92,-0.03,-5.37,5.32,6.10,-0.10,-0.23,-0.01,-3.11,6.29,6.70,-0.07,0.04,-0.02,39.41,0.15,-122.50,0.03,-9.79,0.03,0.38,0.40,0.84,1.59,-1.34,2.14,R
12.576,132,226,142,87,100,-1.85,-6.66,7.24,-0.04,-0.10,-0.02,-8.59,2.96,1.28,0.06,-0.33,0.04,-5.34,5.32,6.34,-0.13,0.01,0.00,-3.00,5.94,6.67,-0.03,0.06,0.00,39.41,0.15,-122.50,0.03,-9.79,0.03,0.37,0.41,0.85,0.55,-1.59,1.89,R
12.677,130,221,140,89,105,-2.00,-6.71,7.50,-0.01,-0.05,-0.02,-8.55,3.83,1.55,-0.01,-0.27,0.03,-5.08,5.22,5.93,-0.03,0.08,0.04,-3.08,6.15,6.71,0.01,0.04,0.02,39.41,0.15,-122.50,0.03,-9.79,0.03,0.37,0.41,0.84,-0.24,0.31,0.73,R
12.778,129,218,139,86,104,-1.72,-6.63,7.17,0.02,-0.02,0.01,-8.99,3.54,2.16,-0.13,-0.28,-0.02,-5.48,5.35,6.42,-0.05,-0.04,0.01,-3.24,6.46,6.80,-0.01,-0.02,0.01,39.41,0.15,-122.50,0.03,-9.79,0.03,0.38,0.40,0.85,-0.31,-0.85,1.22,R
12.879,130,215,136,86,103,-1.45,-6.72,6.97,0.02,0.00,0.01,-8.59,4.41,2.50,-0.36,-1.15,-0.07,-5.34,5.58,6.22,-0.03,-0.07,-0.01,-3.23,6.65,6.79,-0.05,0.01,-0.02,39.41,0.15,-122.50,0.03,-9.79,0.03,0.38,0.40,0.85,0.24,-0.67,1.04,R
12.979,122,198,139,89,103,-1.69,-6.63,7.38,-0.03,-0.02,0.00,-7.78,3.62,5.01,-0.12,-1.63,-0.16,-5.37,5.52,6.40,-0.03,-0.06,-0.00,-3.27,6.57,6.90,0.03,0.03,0.01,39.41,0.15,-122.50,0.03,-9.79,0.03,0.38,0.40,0.85,1.59,0.18,0.49,R
13.081,127,184,141,87,104,-1.63,-6.49,7.17,-0.02,-0.01,-0.01,-6.93,3.12,6.18,-0.23,-1.23,-0.12,-5.09,5.57,6.16,-0.08,-0.04,-0.04,-3.13,6.46,6.73,-0.03,0.02,-0.01,39.41,0.15,-122.50,0.03,-9.79,0.03,0.36,0.41,0.85,0.79,-1.40,0.67,R
13.182,125,173,139,87,103,-1.52,-6.43,7.10,0.01,-0.03,-0.03,-5.86,2.61,6.67,-0.54,-1.67,-0.04,-5.11,5.35,6.34,-0.10,-0.10,-0.04,-3.02,6.40,6.65,-0.03,0.03,-0.02,39.41,0.15,-122.50,0.03,-9.79,0.03,0.37,0.41,0.85,1.46,-1.95,1.16,R
13.283,124,151,136,88,104,-1.66,-6.96,7.32,-0.04,-0.12,-0.04,-3.85,2.75,8.00,-0.14,-1.56,-0.14,-4.88,4.96,6.34,-0.15,-0.25,0.01,-3.06,6.10,6.79,0.02,0.03,0.01,39.41,0.15,-122.50,0.03,-9.79,0.03,0.36,0.41,0.85,0.24,0.55,0.85,R
13.384,123,136,137,87,105,-1.57,-6.99,7.33,-0.05,-0.09,-0.02,-4.35,3.32,8.54,-0.08,-1.13,-0.16,-4.72,4.97,6.81,-0.11,-0.47,-0.05,-2.96,6.24,6.65,-0.03,-0.01,-0.02,39.41,0.15,-122.50,0.03,-9.79,0.03,0.36,0.41,0.85,-0.12,-0.85,0.61,R
13.485,119,112,130,89,104,-1.47,-6.83,7.30,-0.04,-0.07,0.06,-3.97,2.24,10.27,-0.33,-1.41,-0.08,-5.15,4.92,8.22,-0.19,-1.00,-0.18,-3.57,6.17,7.31,-0.07,-0.08,-0.14,39.41,0.15,-122.50,0.03,-9.79,0.03,0.37,0.39,0.86,1.77,-4.21,-1.59,R
13.586,115,70,117,89,104,-0.98,-6.44,6.71,-0.09,-0.25,0.14,0.03,3.51,9.28,-0.12,-1.79,-0.54,-3.96,3.87,7.76,-0.25,-0.96,-0.32,-3.73,5.43,7.83,-0.14,-0.16,-0.39,39.41,0.15,-122.50,0.03,-9.79,0.03,0.37,0.40,0.85,6.59,-7.93,-6.41,R
13.687,105,8,93,88,105,-0.68,-6.78,6.08,-0.05,0.03,0.30,2.37,0.97,7.75,-0.48,-0.80,0.08,-1.68,2.95,6.53,-0.20,-0.96,-0.90,-2.87,4.38,6.67,-0.14,-0.70,-1.12,39.41,0.15,-122.50,0.03,-9.79,0.03,0.37,0.40,0.85,23.50,-14.16,-30.52,R
13.788,89,0,80,82,103,-2.85,-7.12,8.08,0.19,0.87,-0.13,-0.25,1.35,7.74,-0.78,2.61,-0.07,-3.29,5.52,7.07,-0.31,0.81,-0.66,-3.28,5.90,5.58,0.00,0.74,-0.63,39.41,0.15,-122.50,0.03,-9.79,0.03,0.35,0.34,0.88,17.64,-9.03,-21.85,R
13.889,75,31,87,82,102,-3.86,-6.01,9.15,-0.63,0.30,0.05,-5.00,1.36,10.89,-0.36,3.35,-0.10,-4.81,4.34,8.08,-0.26,1.26,-0.18,-4.98,5.60,7.09,0.04,0.70,-0.18,39.41,0.15,-122.50,0.03,-9.79,0.03,0.32,0.31,0.90,15.99,-2.99,-8.18,R
13.99,70,72,102,83,102,-2.38,-6.65,6.99,0.09,0.04,0.09,-6.10,-0.17,6.09,-0.63,4.87,0.45,-5.79,2.28,8.54,-0.52,1.73,0.17,-5.82,3.86,7.67,0.53,1.67,0.40,39.41,0.15,-122.50,0.03,-9.79,0.03,0.35,0.30,0.89,8.79,9.77,-4.52,R
14.09,71,85,113,85,105,-2.37,-6.55,6.68,0.07,0.17,0.10,-7.27,-0.14,7.98,-0.73,0.14,0.19,-7.13,2.67,8.80,-0.23,0.25,0.10,-5.69,6.00,5.59,0.28,0.27,0.19,39.41,0.15,-122.50,0.03,-9.79,0.03,0.36,0.26,0.91,-0.73,2.87,0.37,R
14.192,72,84,108,88,100,-2.51,-6.53,6.74,-0.33,0.10,-0.12,-7.72,-1.68,9.60,0.62,-0.36,0.39,-6.52,2.49,7.28,0.04,-0.11,0.06,-5.50,5.97,5.42,0.02,0.16,0.06,39.41,0.15,-122.50,0.03,-9.79,0.03,0.28,0.31,0.93,-2.50,-6.04,2.75,R
14.293,64,81,114,91,99,-2.80,-7.37,6.99,-0.09,0.08,-0.00,-8.89,1.27,9.96,-0.13,0.36,0.05,-6.34,2.88,7.48,-0.26,0.26,0.01,-5.91,5.49,5.68,-0.16,0.18,-0.04,39.41,0.15,-122.50,0.03,-9.79,0.03,0.32,0.29,0.91,0.85,-1.04,1.16,R
14.394,81,75,115,96,97,-2.87,-7.11,6.59,-0.13,0.19,0.02,-6.96,0.56,7.09,0.16,0.12,0.09,-6.29,3.49,6.68,-0.13,0.19,0.09,-5.92,5.40,5.47,-0.11,0.29,0.03,39.41,0.15,-122.50,0.03,-9.79,0.03,0.36,0.30,0.90,-0.31,1.65,2.81,R
14.494,94,82,119,100,95,-2.97,-7.28,6.39,-0.13,0.17,-0.02,-7.17,0.06,6.94,0.02,0.12,0.05,-6.52,3.08,6.79,-0.04,0.14,0.08,-6.11,5.46,5.33,-0.08,0.17,0.04,39.41,0.15,-122.50,0.03,-9.79,0.03,0.35,0.29,0.90,0.73,2.56,2.38,R
14.596,100,84,119,101,95,-2.91,-7.26,6.17,-0.04,0.17,-0.03,-7.25,-0.08,6.92,-0.14,0.25,0.01,-6.46,3.29,6.56,-0.11,0.20,0.04,-6.19,5.47,5.40,-0.07,0.15,-0.01,39.41,0.15,-122.50,0.03,-9.79,0.03,0.34,0.30,0.90,-0.18,-1.04,1.46,R
14.697,105,90,121,103,92,-3.04,-7.39,6.17,0.06,-0.20,-0.03,-7.21,0.47,6.70,-0.08,-0.03,-0.05,-6.56,3.18,6.64,-0.07,-0.03,-0.03,-6.15,5.34,5.39,-0.01,-0.04,-0.02,39.41,0.15,-122.50,0.03,-9.79,0.03,0.34,0.30,0.90,0.61,-1.77,0.79,R
14.798,86,85,120,101,95,-2.86,-7.34,6.32,-0.04,-0.42,-0.11,-7.22,-0.45,6.81,-0.06,-0.17,-0.17,-6.50,3.31,6.57,-0.03,-0.16,-0.12,-6.02,5.49,5.39,0.09,-0.20,-0.01,39.41,0.15,-122.50,0.03,-9.79,0.03,0.32,0.29,0.91,1.10,-0.37,-3.48,R
14.899,63,82,115,99,90,-2.62,-7.21,6.56,-0.04,-0.53,-0.01,-6.97,0.32,6.97,0.05,-0.09,-0.07,-6.45,2.92,6.80,0.05,-0.10,-0.04,-6.07,5.31,5.67,0.03,-0.15,0.00,39.41,0.15,-122.50,0.03,-9.79,0.03,0.34,0.30,0.91,1.71,-0.18,-1.83,R
15.004,50,77,112,98,86,-2.37,-7.12,6.64,-0.04,-0.15,-0.02,-6.91,-0.16,7.15,0.16,-0.02,-0.02,-6.52,3.02,6.88,0.06,-0.05,-0.03,-5.99,5.50,5.64,0.01,-0.07,0.01,0.00,0.00,0.00,0.00,0.00,0.00,0.34,0.29,0.90,0.98,-0.24,-1.34,R
15.103,42,76,112,97,85,-2.12,-7.20,6.66,0.10,-0.37,0.05,-6.87,-0.21,7.23,-0.01,-0.05,-0.04,-6.32,3.17,6.86,0.01,-0.07,-0.04,-5.97,5.42,5.67,-0.01,-0.13,-0.00,0.00,0.00,0.00,0.00,0.00,0.00,0.35,0.29,0.90,1.89,-0.43,-1.10,R
15.204,36,75,110,96,80,-2.01,-7.24,6.72,0.06,-0.18,-0.00,-6.77,0.02,7.18,-0.06,-0.05,-0.08,-6.33,3.01,6.81,0.01,-0.05,-0.05,-5.72,5.54,5.69,0.01,-0.08,-0.03,0.00,0.00,0.00,0.00,0.00,0.00,0.33,0.29,0.91,1.04,-0.67,-1.53,R
15.305,32,75,112,95,77,-1.94,-7.13,6.77,-0.04,-0.02,-0.04,-6.71,-0.00,7.24,0.05,-0.01,-0.06,-6.30,3.04,6.91,0.02,-0.04,-0.06,-5.71,5.52,5.59,0.03,-0.03,-0.03,0.00,0.00,0.00,0.00,0.00,0.00,0.33,0.29,0.91,0.61,-1.95,-0.92,R
15.406,32,80,110,97,76,-1.83,-7.13,6.85,-0.01,-0.01,-0.01,-6.71,-0.08,7.33,0.10,0.01,-0.01,-6.32,2.88,6.95,0.01,-0.01,-0.03,-5.78,5.49,5.85,0.02,-0.01,-0.05,0.00,0.00,0.00,0.00,0.00,0.00,0.34,0.29,0.91,0.12,-1.95,-0.85,R
15.507,33,76,112,96,76,-1.85,-7.01,6.85,0.03,0.01,-0.01,-6.75,-0.02,7.29,0.07,0.03,0.00,-6.26,3.00,6.95,0.02,-0.00,-0.02,-5.86,5.46,5.91,0.01,-0.01,-0.05,0.00,0.00,0.00,0.00,0.00,0.00,0.36,0.29,0.90,0.37,-1.34,-1.40,R
15.608,30,75,109,96,77,-1.81,-7.04,6.86,0.01,-0.00,-0.01,-6.74,0.09,7.31,0.03,0.02,-0.01,-6.34,2.96,6.92,-0.02,-0.00,-0.01,-5.79,5.49,5.77,-0.01,-0.01,0.00,0.00,0.00,0.00,0.00,0.00,0.00,0.35,0.29,0.91,0.61,0.00,-0.43,R
15.709,30,75,109,93,75,-2.03,-6.93,6.86,0.04,-0.13,0.03,-6.79,0.20,7.32,-0.08,-0.04,0.01,-6.25,2.93,7.13,-0.18,0.02,0.04,-5.39,5.27,5.92,-0.14,-0.08,0.13,0.00,0.00,0.00,0.00,0.00,0.00,0.31,0.30,0.91,0.43,5.68,1.28,R
15.81,26,75,109,93,74,-1.65,-7.20,6.92,-0.01,-0.16,0.08,-6.70,-0.28,7.38,-0.05,-0.01,0.04,-6.39,2.71,7.01,-0.07,0.01,0.02,-5.68,5.35,5.92,0.01,-0.02,0.02,0.00,0.00,0.00,0.00,0.00,0.00,0.35,0.28,0.90,1.89,-1.65,0.43,R
15.911,23,73,107,93,75,-1.78,-7.15,6.90,0.03,-0.12,0.08,-6.65,-0.11,7.37,-0.06,-0.00,0.03,-6.24,2.72,6.96,-0.08,-0.00,0.03,-5.68,5.36,5.94,-0.03,-0.01,0.01,0.00,0.00,0.00,0.00,0.00,0.00,0.36,0.29,0.90,1.59,-0.43,0.98,R
16.012,23,72,110,93,74,-1.59,-7.13,6.86,0.01,0.00,0.02,-6.59,0.13,7.37,0.05,0.04,0.03,-6.34,3.06,6.93,-0.03,0.01,0.01,-5.65,5.52,5.88,-0.02,0.02,-0.00,0.00,0.00,0.00,0.00,0.00,0.00,0.35,0.28,0.90,0.85,-0.31,0.61,R
16.113,24,72,109,95,73,-1.73,-6.78,7.14,-0.08,-0.01,0.05,-6.75,0.33,7.44,0.01,0.02,0.11,-6.16,3.30,6.85,0.01,0.06,0.12,-5.77,5.54,5.90,-0.05,0.10,0.10,0.00,0.00,0.00,0.00,0.00,0.00,0.38,0.28,0.90,3.23,3.85,2.62,R
16.214,24,72,107,93,71,-1.66,-7.25,6.82,-0.02,0.10,-0.02,-6.64,-0.13,7.43,-0.04,0.04,0.01,-6.30,2.86,7.01,-0.04,0.02,0.01,-5.65,5.35,5.89,0.02,0.05,-0.01,0.00,0.00,0.00,0.00,0.00,0.00,0.34,0.29,0.91,0.67,0.49,0.37,R
16.316,25,72,107,94,71,-1.75,-7.15,6.80,-0.02,0.07,-0.06,-6.65,0.12,7.35,0.01,0.03,-0.02,-6.28,2.99,6.97,-0.02,0.01,-0.01,-5.71,5.51,5.92,0.02,0.03,-0.02,0.00,0.00,0.00,0.00,0.00,0.00,0.34,0.29,0.91,0.67,-0.73,-0.18,R
16.416,27,70,108,94,70,-1.82,-7.12,6.79,0.01,0.06,-0.03,-6.65,0.08,7.33,-0.06,0.04,-0.02,-6.35,2.90,6.92,-0.02,0.00,-0.01,-5.65,5.42,5.78,0.01,0.02,-0.01,0.00,0.00,0.00,0.00,0.00,0.00,0.33,0.29,0.91,0.55,-0.85,-0.18,R
16.517,28,72,109,94,71,-1.70,-7.12,6.79,0.02,0.02,-0.01,-6.67,-0.09,7.34,-0.04,0.03,-0.01,-6.31,2.99,7.00,-0.04,0.01,-0.01,-5.63,5.57,5.83,0.01,0.02,-0.03,0.00,0.00,0.00,0.00,0.00,0.00,0.34,0.29,0.91,0.55,-1.28,0.18,R
16.618,30,73,108,93,71,-1.95,-7.01,6.78,-0.00,0.06,0.04,-10.62,-1.72,13.94,0.31,-1.66,-0.07,-7.34,3.39,8.66,0.61,-0.46,0.19,-6.08,6.13,6.24,0.10,-0.02,0.08,0.00,0.00,0.00,0.00,0.00,0.00,0.33,0.29,0.90,-3.54,2.08,4.27,R
16.72,34,79,105,93,84,-2.36,-6.10,7.63,-0.02,-0.94,0.85,-4.36,1.46,8.08,0.56,-3.77,0.19,-5.67,4.11,8.01,0.34,-2.14,0.14,-5.54,6.29,6.08,-0.28,-1.49,0.08,0.00,0.00,0.00,0.00,0.00,0.00,0.33,0.30,0.92,-7.32,-0.43,13.37,R
16.82,59,71,94,97,95,-1.57,-7.33,6.75,-0.01,-0.64,-0.00,-1.50,0.15,9.22,0.29,-1.95,-0.01,-3.42,3.63,7.71,0.19,-1.00,0.47,-3.80,5.30,6.20,0.06,-1.00,0.40,0.00,0.00,0.00,0.00,0.00,0.00,0.32,0.36,0.89,-16.05,11.05,14.04,R
16.921,75,87,94,91,95,-1.20,-7.36,7.00,0.03,-0.09,-0.23,-1.06,2.25,9.52,0.94,0.72,-0.26,-3.11,4.72,7.91,0.38,-0.48,0.42,-3.09,6.39,6.78,0.16,-0.62,0.48,0.00,0.00,0.00,0.00,0.00,0.00,0.29,0.38,0.88,-19.41,10.07,11.66,R
17.022,96,169,107,89,95,-0.01,-6.95,5.43,0.11,0.31,-0.16,-2.99,3.72,8.14,0.95,5.43,0.66,-2.81,3.39,8.46,0.17,0.72,0.13,-2.72,5.05,6.87,-0.02,-0.14,-0.13,0.00,0.00,0.00,0.00,0.00,0.00,0.34,0.39,0.86,4.21,3.97,-4.88,R
17.123,101,211,117,105,95,-0.99,-6.79,6.80,0.06,0.02,-0.07,-7.10,2.41,7.17,0.27,1.68,0.06,-2.85,3.96,7.68,0.07,0.18,-0.04,-2.46,5.44,6.73,0.06,-0.04,-0.07,0.00,0.00,0.00,0.00,0.00,0.00,0.37,0.39,0.85,3.05,-2.81,-2.14,R
17.224,101,228,119,90,96,-1.53,-6.95,7.49,-0.02,-0.03,-0.11,-6.80,3.06,5.09,0.10,0.78,0.10,-2.87,4.58,7.29,-0.01,0.12,0.11,-2.20,6.16,6.57,0.05,-0.14,0.07,0.00,0.00,0.00,0.00,0.00,0.00,0.36,0.40,0.85,-1.89,2.38,0.73,R
17.325,100,232,120,88,93,-1.66,-7.36,7.83,-0.09,0.04,0.07,-9.43,3.42,4.42,0.06,0.67,0.05,-3.83,5.44,8.01,0.04,0.06,0.02,-2.69,6.55,6.75,0.04,-0.11,0.12,0.00,0.00,0.00,0.00,0.00,0.00,0.36,0.38,0.87,-5.19,1.59,2.20,R
17.427,108,239,123,89,93,-1.18,-6.61,6.97,0.01,0.14,0.06,-10.43,4.33,4.17,0.03,0.23,0.03,-4.11,5.35,7.99,0.05,-0.08,-0.07,-2.74,6.91,6.69,-0.01,-0.14,-0.03,0.00,0.00,0.00,0.00,0.00,0.00,0.38,0.37,0.87,0.98,0.61,-0.24,R
17.527,109,244,126,88,91,-1.10,-7.02,6.86,-0.01,0.23,0.01,-10.09,3.87,2.50,0.08,0.55,0.10,-4.26,5.15,8.15,0.03,0.08,-0.06,-2.77,6.67,7.07,-0.04,-0.06,-0.06,0.00,0.00,0.00,0.00,0.00,0.00,0.37,0.38,0.86,1.46,-1.04,-0.73,R
17.628,113,247,128,88,92,-1.32,-6.62,6.84,0.01,0.10,-0.04,-9.72,3.60,1.32,0.16,0.97,0.13,-4.17,4.93,7.88,0.01,0.14,-0.03,-2.45,6.45,6.81,0.03,0.00,-0.05,0.00,0.00,0.00,0.00,0.00,0.00,0.38,0.38,0.86,2.75,-0.79,-1.40,R
17.729,114,251,130,89,92,-1.39,-6.84,6.73,0.20,0.17,-0.16,-8.56,3.51,0.39,0.23,1.56,0.24,-3.77,4.19,7.35,0.01,0.44,0.07,-2.35,5.37,6.73,-0.04,0.07,-0.03,0.00,0.00,0.00,0.00,0.00,0.00,0.40,0.39,0.83,3.17,-0.43,-1.40,R
17.83,122,251,136,88,91,-1.81,-7.07,7.22,0.21,0.35,-0.16,-7.95,3.31,-0.93,0.19,1.14,0.26,-4.34,5.42,7.17,0.16,0.55,0.23,-2.59,6.78,6.96,0.16,0.12,0.24,0.00,0.00,0.00,0.00,0.00,0.00,0.39,0.37,0.85,-3.05,6.04,1.22,R
17.931,129,252,139,88,91,-1.52,-7.27,7.03,0.04,0.19,0.01,-9.63,5.11,-1.66,0.23,0.63,0.29,-5.61,5.97,8.27,0.18,0.62,-0.00,-3.20,7.57,7.55,0.10,0.15,0.04,0.00,0.00,0.00,0.00,0.00,0.00,0.39,0.35,0.88,1.10,2.26,-1.16,R
18.033,135,255,145,89,90,-0.93,-6.70,6.20,0.11,0.18,-0.12,-9.87,3.91,-1.85,0.14,0.75,0.10,-5.77,5.64,8.49,0.06,0.67,-0.15,-3.50,6.58,8.45,0.06,0.29,-0.19,0.00,0.00,0.00,0.00,0.00,0.00,0.41,0.38,0.84,11.84,-5.00,-5.07,R
18.135,129,251,144,88,90,-1.46,-5.61,6.59,-0.03,-0.15,-0.08,-8.75,4.09,-0.72,-0.06,0.01,-0.05,-4.02,4.52,6.72,-0.03,0.17,-0.06,-2.50,6.14,7.27,-0.11,0.01,-0.20,0.00,0.00,0.00,0.00,0.00,0.00,0.39,0.40,0.83,6.53,-4.58,-0.55,R
18.235,119,249,141,86,90,-2.08,-8.07,7.63,0.22,-0.46,-0.21,-8.81,4.03,0.05,-0.52,-0.40,-0.13,-4.40,6.32,6.73,-0.06,0.11,0.54,-2.25,7.47,6.81,0.03,0.01,0.63,0.00,0.00,0.00,0.00,0.00,0.00,0.41,0.40,0.84,-15.26,15.32,19.47,R
18.335,122,244,141,86,89,-2.23,-8.03,9.10,0.51,-1.15,-0.17,-9.75,5.13,1.21,-1.05,-0.47,0.47,-4.90,7.32,7.14,-0.30,0.47,1.65,-1.95,8.43,6.23,0.05,0.24,1.74,0.00,0.00,0.00,0.00,0.00,0.00,0.48,0.44,0.81,-30.76,68.30,45.53,R
18.436,117,238,144,85,90,-2.17,-6.04,11.18,0.97,-1.04,0.76,-8.51,4.40,2.89,-1.64,-4.01,1.24,-3.37,7.73,5.79,0.27,0.03,1.86,-1.36,9.40,5.07,1.17,1.08,1.66,0.00,0.00,0.00,0.00,0.00,0.00,0.62,0.49,0.73,-7.69,107.91,39.98,R
18.537,114,226,141,93,100,-0.12,-4.16,8.27,1.50,-1.42,0.81,-4.76,5.22,6.31,-1.07,-2.48,2.06,-1.50,7.29,5.11,0.42,0.71,2.11,0.11,8.20,3.18,1.06,2.05,1.88,0.00,0.00,0.00,0.00,0.00,0.00,0.56,0.51,0.58,2.14,123.29,46.39,R
18.638,111,200,139,103,118,1.50,-4.27,7.82,1.61,-1.40,1.32,-2.17,4.07,7.92,-0.55,-4.97,2.20,-0.81,6.98,5.48,0.49,1.37,2.06,0.16,8.25,3.87,0.83,2.58,1.76,0.00,0.00,0.00,0.00,0.00,0.00,0.59,0.63,0.47,22.89,122.99,40.22,R
18.739,108,160,137,114,129,2.58,-3.52,8.24,1.09,-0.93,1.40,1.96,3.63,8.29,0.70,-1.77,1.63,-0.36,6.73,5.85,0.38,1.67,1.61,-0.11,7.17,4.32,0.47,2.99,1.27,0.00,0.00,0.00,0.00,0.00,0.00,0.60,0.65,0.39,40.65,102.60,23.07,R
18.84,105,121,134,123,138,2.33,-2.51,9.17,0.96,-0.58,1.61,4.85,4.83,7.72,1.30,-1.23,0.96,-1.39,7.95,5.47,0.45,1.65,1.09,-0.65,8.76,2.48,0.32,2.60,0.74,0.00,0.00,0.00,0.00,0.00,0.00,0.74,0.57,0.33,49.01,79.16,12.02,R
18.941,104,82,126,130,146,3.25,-1.22,7.61,0.51,-0.44,1.35,4.89,5.53,6.15,0.74,-0.32,0.50,-1.98,7.21,6.41,0.03,1.46,0.26,-2.48,8.17,5.05,0.07,1.56,-0.05,0.00,0.00,0.00,0.00,0.00,0.00,0.74,0.56,0.31,53.41,21.24,10.25,R
19.042,101,57,124,131,144,2.60,-1.88,9.30,0.20,-0.14,0.92,5.36,4.08,6.11,0.44,0.17,0.43,-0.46,7.84,4.65,0.20,0.77,0.40,-0.67,8.77,3.41,0.30,0.86,0.27,0.00,0.00,0.00,0.00,0.00,0.00,0.74,0.56,0.25,42.91,34.42,-0.37,R
19.143,101,40,119,129,141,2.91,-0.67,8.84,0.29,-0.05,0.69,5.35,6.07,5.56,0.19,0.51,0.44,0.11,8.47,4.16,0.01,0.52,0.16,-0.42,9.34,3.43,0.19,0.20,-0.01,0.00,0.00,0.00,0.00,0.00,0.00,0.80,0.57,0.26,39.86,13.67,0.55,R
19.244,101,40,118,123,139,2.57,-0.79,8.78,0.44,0.09,0.67,6.45,6.30,3.99,0.72,2.99,0.04,-0.18,8.35,3.09,0.31,0.80,0.26,-0.87,9.02,3.40,0.38,0.18,0.26,0.00,0.00,0.00,0.00,0.00,0.00,0.79,0.44,0.21,35.64,26.25,-8.61,R
19.345,101,117,126,117,133,1.92,-1.54,9.46,0.58,0.53,0.45,2.71,5.71,5.46,0.88,4.31,0.54,-0.01,8.52,2.59,0.59,2.20,0.38,0.25,8.96,2.43,0.59,0.49,0.31,0.00,0.00,0.00,0.00,0.00,0.00,0.76,0.52,0.24,30.64,34.12,-18.49,R
19.446,103,178,157,115,131,1.81,-0.87,9.73,0.67,0.32,0.80,-0.69,7.39,7.20,1.54,3.12,0.62,-1.20,9.13,3.64,0.60,1.06,0.32,-0.89,9.83,2.31,0.70,0.38,0.07,0.00,0.00,0.00,0.00,0.00,0.00,0.89,0.44,0.24,31.98,28.99,-24.29,R
19.548,107,211,160,112,130,0.83,-0.86,10.51,0.11,0.47,0.29,-1.65,8.34,7.04,0.85,2.97,0.09,-1.38,9.35,3.62,0.24,0.83,-0.02,-0.41,9.94,1.77,0.33,0.31,-0.12,0.00,0.00,0.00,0.00,0.00,0.00,0.85,0.45,0.27,21.36,7.08,-14.34,R
19.649,110,205,158,112,130,0.88,-0.28,9.85,-0.03,0.15,0.21,-1.80,7.72,6.30,-0.10,-0.25,-0.05,-1.09,8.95,3.45,-0.05,0.07,-0.19,-0.60,9.23,1.99,-0.02,0.16,-0.27,0.00,0.00,0.00,0.00,0.00,0.00,0.86,0.44,0.29,16.30,-9.70,-1.71,R
19.749,105,206,153,111,130,0.80,-1.20,10.14,-0.22,-0.03,0.03,-0.91,7.68,5.95,-0.60,-1.60,-0.31,-1.45,9.06,3.28,-0.09,-0.05,-0.29,-0.68,9.28,1.80,-0.21,0.06,-0.31,0.00,0.00,0.00,0.00,0.00,0.00,0.86,0.43,0.32,9.09,-18.49,3.78,R
19.85,100,177,150,109,129,0.43,-0.85,10.28,0.03,-0.15,0.03,-0.28,6.89,4.42,-0.33,-3.67,-0.17,-1.21,9.05,2.58,0.08,-0.38,-0.06,-1.04,9.34,1.52,0.01,0.01,-0.15,0.00,0.00,0.00,0.00,0.00,0.00,0.90,0.39,0.31,6.47,-5.62,-0.67,R
19.951,98,137,141,109,128,0.54,-1.42,10.33,-0.63,0.23,-0.22,1.60,6.95,6.63,-0.47,-1.48,-0.73,-1.83,9.20,3.13,-0.18,-0.44,-0.51,-0.90,9.52,1.29,-0.23,-0.31,-0.40,0.00,0.00,0.00,0.00,0.00,0.00,0.81,0.42,0.37,-3.05,-27.40,1.10,R
20.052,97,112,135,107,126,1.03,-1.43,9.26,-0.38,0.15,-0.30,2.25,8.04,6.60,-0.55,-0.52,-0.44,-2.09,9.23,3.43,-0.21,-0.45,-0.53,-1.65,9.73,2.15,-0.24,-0.40,-0.48,0.00,0.00,0.00,0.00,0.00,0.00,0.83,0.41,0.37,-6.65,-33.26,0.12,R
20.153,96,96,131,108,127,0.65,-1.65,10.08,-0.27,0.09,-0.31,2.12,6.72,6.56,-0.33,-0.24,-0.41,-2.15,8.94,3.39,-0.09,-0.18,-0.32,-1.81,9.56,2.20,-0.09,-0.19,-0.23,0.00,0.00,0.00,0.00,0.00,0.00,0.81,0.41,0.39,-10.13,-17.82,-0.73,R
20.254,96,89,137,106,126,0.50,-1.68,9.80,-0.35,0.14,-0.36,2.12,6.46,6.68,-0.39,-0.02,-0.43,-2.39,8.83,3.38,-0.14,-0.28,-0.40,-2.18,9.68,2.55,-0.12,-0.42,-0.30,0.00,0.00,0.00,0.00,0.00,0.00,0.80,0.41,0.42,-10.86,-24.35,-1.46,R
20.355,95,85,128,105,126,0.37,-1.67,10.26,0.08,-0.01,-0.30,2.04,6.87,6.81,-0.13,-0.11,-0.01,-1.76,8.96,3.34,-0.01,-0.15,0.00,-1.35,9.31,2.08,0.06,-0.09,-0.01,0.00,0.00,0.00,0.00,0.00,0.00,0.83,0.45,0.40,-6.53,-0.18,-3.54,R
20.456,95,84,129,105,127,0.71,-1.48,9.92,0.03,0.07,-0.21,2.08,7.42,5.63,0.13,1.38,-0.16,-1.38,9.18,2.85,0.02,0.25,0.01,-0.72,9.35,1.49,-0.02,0.03,0.01,0.00,0.00,0.00,0.00,0.00,0.00,0.81,0.46,0.40,-0.37,-0.37,0.18,R
20.557,94,118,140,105,125,0.57,-2.04,9.86,-0.05,0.19,-0.15,0.26,6.60,7.13,0.07,1.75,-0.11,-2.43,8.51,4.57,-0.06,0.48,-0.01,-0.86,8.75,1.70,-0.01,0.13,-0.01,0.00,0.00,0.00,0.00,0.00,0.00,0.77,0.45,0.43,3.54,2.44,-0.73,R
20.659,94,109,131,104,126,0.57,-1.39,9.89,0.23,-0.08,0.19,1.00,8.73,7.48,0.25,-1.45,0.12,-2.86,9.28,4.00,-0.09,-0.36,0.06,-2.04,9.37,2.69,-0.07,0.13,0.04,0.00,0.00,0.00,0.00,0.00,0.00,0.83,0.43,0.41,5.92,2.32,3.66,R
20.76,92,89,125,103,125,0.58,-2.16,9.69,-0.02,-0.05,0.14,1.56,7.25,6.49,0.05,-0.50,-0.09,-2.40,8.65,3.43,-0.04,-0.04,-0.02,-1.90,9.31,2.34,-0.01,0.10,-0.04,0.00,0.00,0.00,0.00,0.00,0.00,0.77,0.43,0.43,6.53,0.24,0.67,R
20.861,95,75,125,103,126,0.49,-1.78,9.78,-0.10,0.08,-0.01,1.22,6.69,6.96,-0.05,0.07,-0.07,-2.51,8.79,3.58,-0.04,0.01,-0.12,-1.79,9.42,2.31,-0.03,0.01,-0.11,0.00,0.00,0.00,0.00,0.00,0.00,0.79,0.43,0.43,3.11,-6.04,-0.55,R
20.961,91,72,124,102,125,0.42,-2.02,9.90,0.01,0.04,-0.02,1.36,6.92,6.83,-0.05,-0.01,0.04,-2.39,8.97,3.47,-0.03,-0.01,-0.02,-1.84,9.45,2.19,-0.01,0.02,-0.02,0.00,0.00,0.00,0.00,0.00,0.00,0.80,0.43,0.44,1.59,-0.49,-0.43,R
21.063,91,75,125,106,125,0.50,-2.20,9.95,-0.02,-0.00,-0.02,1.56,6.56,6.62,-0.00,-0.07,-0.00,-2.51,8.69,3.58,-0.03,-0.04,0.00,-1.74,9.03,2.26,-0.03,-0.02,-0.01,0.00,0.00,0.00,0.00,0.00,0.00,0.79,0.43,0.45,-0.37,-1.04,1.04,R
21.163,91,79,123,102,125,0.64,-2.32,9.68,-0.07,0.12,-0.10,1.07,6.80,7.19,-0.01,0.77,-0.07,-2.55,8.73,3.62,-0.03,0.13,-0.06,-1.55,9.07,2.09,-0.03,-0.06,-0.03,0.00,0.00,0.00,0.00,0.00,0.00,0.78,0.43,0.43,-1.71,-4.09,-0.31,R
21.264,92,96,128,103,125,0.52,-1.82,9.76,0.00,0.10,-0.03,-0.31,6.65,7.22,0.01,1.16,-0.01,-2.83,8.81,3.84,-0.01,0.38,-0.03,-1.85,9.30,2.27,-0.02,0.00,-0.04,0.00,0.00,0.00,0.00,0.00,0.00,0.79,0.43,0.43,0.98,-3.30,0.12,R
21.365,91,108,133,102,123,0.55,-2.12,9.62,0.01,0.05,0.04,0.06,7.02,6.91,0.03,0.78,-0.04,-2.82,8.73,3.36,0.01,0.30,-0.02,-2.27,9.51,2.68,0.01,0.04,-0.01,0.00,0.00,0.00,0.00,0.00,0.00,0.79,0.41,0.43,1.83,0.00,-0.98,R
21.467,101,116,135,105,125,0.49,-2.33,9.57,-0.03,0.05,0.02,2.83,6.34,5.68,-0.02,1.62,-0.06,-2.65,8.70,2.79,-0.00,0.34,-0.05,-2.16,9.24,2.67,-0.02,0.05,-0.02,0.00,0.00,0.00,0.00,0.00,0.00,0.79,0.42,0.43,1.40,-0.67,-1.34,R
21.567,92,128,141,102,122,0.34,-1.85,9.85,0.00,0.02,0.06,-0.81,7.89,6.74,-0.13,0.05,0.07,-2.87,8.91,3.43,-0.08,-0.05,-0.02,-1.97,9.32,2.39,-0.06,0.01,-0.01,0.00,0.00,0.00,0.00,0.00,0.00,0.79,0.43,0.43,1.83,-1.40,1.28,R
21.669,93,123,137,102,124,0.46,-1.85,9.57,-0.01,0.00,0.03,-0.93,6.48,7.02,0.00,0.06,-0.04,-2.88,8.64,3.42,-0.02,0.04,-0.02,-1.93,9.13,2.35,0.00,0.02,-0.05,0.00,0.00,0.00,0.00,0.00,0.00,0.78,0.42,0.44,2.75,-1.04,-0.79,R
21.769,91,124,136,104,125,0.45,-2.31,9.65,0.02,0.04,0.03,-0.91,6.81,7.08,-0.09,0.13,0.11,-2.99,8.61,3.46,-0.05,0.07,-0.02,-2.07,9.09,2.46,-0.02,0.04,-0.03,0.00,0.00,0.00,0.00,0.00,0.00,0.80,0.42,0.45,2.75,-0.67,-0.12,R
21.87,92,118,136,102,123,0.37,-1.94,9.66,0.02,-0.00,-0.02,-0.76,6.64,6.90,0.01,0.05,0.01,-2.80,8.57,3.25,-0.02,0.06,-0.01,-1.99,9.10,2.28,0.01,0.06,-0.03,0.00,0.00,0.00,0.00,0.00,0.00,0.79,0.42,0.45,2.01,-0.12,-0.43,R
21.971,91,121,136,103,125,0.23,-2.20,9.90,0.01,0.01,-0.02,-0.48,6.56,6.57,-0.00,-0.02,0.00,-2.68,8.59,3.07,-0.05,0.01,0.01,-1.75,8.86,2.10,-0.02,0.01,0.02,0.00,0.00,0.00,0.00,0.00,0.00,0.79,0.43,0.46,-0.24,0.37,0.31,R
22.072,92,119,137,101,125,0.31,-2.12,9.91,-0.00,0.01,-0.04,-0.83,7.37,6.88,-0.01,0.01,-0.02,-2.77,8.70,3.23,-0.02,-0.04,0.02,-1.82,9.14,2.23,-0.00,-0.03,0.01,0.00,0.00,0.00,0.00,0.00,0.00,0.80,0.43,0.45,-0.31,1.28,-0.61,R
22.173,91,121,137,102,125,0.16,-2.08,9.91,-0.03,0.01,-0.01,-1.38,6.62,7.19,0.04,0.11,-0.07,-2.91,8.76,3.11,-0.02,0.03,0.01,-1.84,9.25,2.15,0.01,0.00,0.03,0.00,0.00,0.00,0.00,0.00,0.00,0.78,0.43,0.45,-0.06,0.24,0.06,R
22.274,90,119,137,101,121,0.26,-2.12,9.95,-0.01,0.04,-0.01,-1.43,6.54,7.57,0.06,0.79,-0.04,-3.13,8.85,3.38,-0.01,0.15,-0.00,-1.97,9.19,2.21,0.01,0.00,0.01,0.00,0.00,0.00,0.00,0.00,0.00,0.79,0.42,0.45,0.98,0.98,-0.67,R
22.376,90,128,145,101,125,0.25,-1.91,9.81,-0.00,0.06,0.04,-2.22,6.93,7.42,-0.02,0.14,-0.00,-3.08,8.84,3.20,-0.01,0.03,-0.01,-1.94,9.43,2.24,0.01,0.03,-0.02,0.00,0.00,0.00,0.00,0.00,0.00,0.79,0.42,0.45,1.83,-0.43,-0.49,R
22.476,88,131,142,102,124,0.34,-2.06,9.70,-0.02,0.02,0.01,-2.00,6.55,6.96,0.02,0.30,-0.02,-3.08,8.56,3.39,-0.03,0.13,-0.01,-1.95,9.11,2.24,-0.00,0.04,-0.02,0.00,0.00,0.00,0.00,0.00,0.00,0.78,0.42,0.45,2.69,-0.92,-0.43,R
22.577,92,133,142,101,125,0.14,-1.94,9.89,-0.00,0.02,-0.01,-2.03,6.59,6.79,-0.02,0.10,-0.01,-2.92,8.58,3.05,-0.02,0.02,0.01,-1.86,9.12,2.06,0.01,0.04,0.00,0.00,0.00,0.00,0.00,0.00,0.00,0.79,0.42,0.46,1.83,0.79,-0.67,R
22.678,90,133,142,101,123,0.16,-2.05,9.88,-0.02,0.04,0.02,-2.83,6.72,7.15,0.04,0.38,-0.07,-3.28,8.81,3.23,-0.02,0.09,0.01,-2.06,9.21,2.25,0.00,0.03,0.01,0.00,0.00,0.00,0.00,0.00,0.00,0.79,0.41,0.45,1.59,1.34,-0.43,R
22.779,91,140,146,101,124,0.10,-2.23,9.93,-0.02,0.03,0.02,-3.00,6.92,6.79,0.03,0.59,0.00,-3.50,9.03,3.36,-0.02,0.07,0.02,-2.18,9.34,2.27,0.01,-0.04,0.04,0.00,0.00,0.00,0.00,0.00,0.00,0.79,0.41,0.45,0.98,1.10,-0.06,R
22.88,91,147,144,101,124,0.20,-2.11,9.76,-0.01,0.06,0.01,-3.60,7.03,6.83,0.02,0.76,0.04,-3.35,8.83,3.20,-0.02,0.12,0.00,-2.17,9.35,2.38,-0.01,-0.03,0.01,0.00,0.00,0.00,0.00,0.00,0.00,0.79,0.40,0.45,1.16,-0.49,0.06,R
22.982,91,155,147,103,123,0.12,-1.99,9.80,0.00,0.05,0.01,-3.61,6.73,6.60,0.02,0.51,0.04,-3.40,8.60,3.22,-0.02,0.12,0.00,-2.22,9.21,2.50,0.00,-0.00,0.00,0.00,0.00,0.00,0.00,0.00,0.00,0.79,0.41,0.45,1.40,-0.24,-0.55,R
23.082,92,158,146,101,124,-0.04,-2.10,9.97,0.01,0.06,0.01,-3.79,6.71,6.54,0.02,0.48,0.04,-3.37,8.82,2.96,0.01,0.10,0.01,-2.17,9.27,2.12,0.02,0.03,0.00,0.00,0.00,0.00,0.00,0.00,0.00,0.80,0.39,0.45,1.53,0.73,-0.85,R
23.183,90,158,146,101,123,0.05,-2.15,9.70,0.00,0.05,0.01,-3.73,7.10,6.18,0.02,0.37,0.01,-3.33,8.90,2.93,-0.01,0.09,-0.02,-2.18,9.46,2.26,0.00,0.03,-0.02,0.00,0.00,0.00,0.00,0.00,0.00,0.80,0.40,0.45,1.53,-0.61,-0.37,R
23.285,91,160,147,101,122,-0.01,-2.07,9.88,-0.01,0.01,-0.00,-4.11,7.11,6.06,0.07,0.52,-0.03,-3.55,8.78,3.06,-0.02,0.11,0.01,-2.26,9.38,2.41,-0.00,0.01,0.01,0.00,0.00,0.00,0.00,0.00,0.00,0.79,0.40,0.45,0.61,0.06,0.00,R
23.386,91,164,149,101,122,-0.03,-2.09,9.75,0.00,0.02,-0.00,-4.00,6.95,5.65,0.01,0.17,-0.04,-3.41,8.78,2.82,-0.02,0.06,-0.01,-2.08,9.25,2.28,-0.01,0.01,-0.01,0.00,0.00,0.00,0.00,0.00,0.00,0.79,0.40,0.45,0.61,-0.43,-0.12,R
23.486,91,165,149,103,124,0.16,-2.24,9.74,0.02,0.03,-0.01,-3.92,6.76,5.32,-0.02,0.28,-0.01,-3.33,8.79,2.81,-0.03,0.06,-0.02,-2.15,9.27,2.19,-0.00,0.02,-0.01,0.00,0.00,0.00,0.00,0.00,0.00,0.80,0.40,0.45,0.73,-0.79,-0.18,R
23.587,91,173,151,102,123,0.00,-2.11,9.73,0.01,0.01,-0.01,-4.19,7.16,5.39,0.03,0.19,-0.04,-3.30,8.75,2.78,-0.03,0.03,-0.00,-2.03,9.19,1.96,-0.02,0.02,-0.01,0.00,0.00,0.00,0.00,0.00,0.00,0.80,0.40,0.45,0.92,-0.37,-0.06,R
23.688,91,172,150,102,121,0.00,-2.13,9.88,0.00,0.01,-0.02,-4.32,6.98,5.52,0.02,0.29,-0.03,-3.35,8.72,2.86,-0.02,0.02,0.00,-2.15,9.24,2.22,-0.00,0.01,0.00,0.00,0.00,0.00,0.00,0.00,0.00,0.79,0.40,0.45,0.12,0.18,0.06,R
23.789,92,172,151,101,124,-0.02,-2.14,9.91,0.01,0.01,-0.02,-4.68,6.88,5.58,-0.02,-0.03,0.02,-3.29,8.72,2.81,-0.03,-0.01,0.01,-1.94,9.22,2.15,-0.01,0.01,0.00,0.00,0.00,0.00,0.00,0.00,0.00,0.80,0.41,0.45,-0.12,-0.06,0.49,R
23.89,92,167,152,102,124,0.07,-1.99,9.71,0.02,0.01,0.00,-4.46,6.91,6.11,-0.36,-0.60,0.07,-3.34,8.66,2.91,-0.06,-0.04,-0.00,-2.02,9.25,2.18,-0.01,0.02,-0.02,0.00,0.00,0.00,0.00,0.00,0.00,0.79,0.40,0.45,1.65,-0.92,1.04,R
23.991,90,160,151,101,123,0.03,-2.17,9.90,0.02,-0.02,-0.02,-3.93,6.93,6.34,-0.19,-1.40,-0.01,-3.35,8.70,3.01,-0.04,-0.15,0.04,-2.04,9.18,2.22,0.00,0.01,0.04,0.00,0.00,0.00,0.00,0.00,0.00,0.80,0.41,0.46,-0.12,1.71,1.04,R
24.092,90,144,146,103,124,0.03,-1.98,9.95,-0.00,-0.02,0.01,-2.23,6.45,6.50,0.02,-2.06,-0.11,-3.28,8.85,2.92,-0.04,-0.23,0.01,-2.12,9.31,2.19,0.00,0.02,0.00,0.00,0.00,0.00,0.00,0.00,0.00,0.79,0.40,0.46,0.18,-0.18,0.98,R
24.193,90,114,140,101,122,-0.03,-1.75,9.84,0.01,0.00,-0.02,0.08,6.70,6.58,-0.14,-1.73,-0.01,-3.00,8.67,2.89,-0.09,-0.24,-0.04,-1.98,9.27,2.11,-0.03,0.01,-0.01,0.00,0.00,0.00,0.00,0.00,0.00,0.79,0.41,0.45,0.24,-1.46,1.04,R
24.294,90,87,137,99,122,0.16,-1.85,9.78,-0.03,-0.02,-0.02,0.32,5.95,6.91,0.17,-1.43,-0.23,-3.18,8.57,3.33,-0.08,-0.31,-0.01,-2.07,9.13,2.35,-0.01,0.01,0.02,0.00,0.00,0.00,0.00,0.00,0.00,0.78,0.41,0.45,-0.18,-0.55,0.67,R
24.396,91,53,131,101,123,0.13,-1.91,9.79,-0.01,-0.02,0.00,0.22,6.80,7.25,0.14,-0.77,-0.22,-3.05,8.60,3.40,-0.07,-0.11,-0.02,-2.00,9.21,2.21,-0.02,0.00,-0.01,0.00,0.00,0.00,0.00,0.00,0.00,0.79,0.41,0.45,0.79,-1.04,0.73,R
24.496,91,24,130,101,121,0.21,-1.93,9.79,0.02,0.02,0.03,0.72,7.21,7.12,-0.10,0.12,0.11,-3.07,9.15,3.40,0.01,0.04,-0.01,-2.16,9.42,2.30,-0.00,-0.01,0.02,0.00,0.00,0.00,0.00,0.00,0.00,0.79,0.40,0.44,1.83,1.16,-0.73,R
24.597,89,30,130,102,122,0.15,-1.63,9.81,-0.00,-0.05,0.00,1.83,5.31,6.00,-0.07,0.16,0.11,-2.91,8.17,3.40,-0.09,0.05,-0.03,-2.01,9.09,2.18,-0.02,0.03,-0.05,0.00,0.00,0.00,0.00,0.00,0.00,0.78,0.41,0.45,1.89,-1.71,-0.31,R
24.698,90,31,128,104,123,0.21,-1.72,9.74,0.01,-0.03,-0.03,1.94,6.37,5.77,-0.06,0.25,0.21,-2.70,8.62,3.07,0.06,0.05,-0.00,-1.92,9.25,2.22,-0.02,0.03,-0.01,0.00,0.00,0.00,0.00,0.00,0.00,0.80,0.42,0.45,0.55,-0.49,-0.18,R
24.799,89,44,128,102,123,0.21,-1.83,9.90,-0.00,-0.02,-0.05,1.37,6.86,6.62,0.04,-0.15,0.08,-2.81,8.52,3.20,0.00,0.01,0.04,-2.04,9.09,2.29,0.00,0.04,0.02,0.00,0.00,0.00,0.00,0.00,0.00,0.80,0.42,0.46,-0.18,1.46,-0.18,R
24.901,90,48,130,102,122,0.09,-2.37,10.28,0.04,-0.02,-0.08,1.31,5.71,7.52,-0.04,0.40,0.22,-3.09,8.94,3.32,-0.03,-0.03,0.10,-2.02,9.25,2.39,-0.03,-0.06,0.16,0.00,0.00,0.00,0.00,0.00,0.00,0.80,0.42,0.46,-5.80,4.58,2.81,R
25.001,92,72,131,101,123,0.48,-1.58,9.45,0.01,-0.02,-0.07,2.15,3.70,7.14,-0.59,2.76,0.76,-3.08,8.76,3.62,-0.16,-0.03,0.03,-1.74,9.13,2.25,-0.08,-0.14,0.11,0.00,0.00,0.00,0.00,0.00,0.00,0.79,0.41,0.43,-6.29,-1.10,1.53,R
25.103,89,112,131,103,125,0.19,-1.11,9.85,0.05,0.06,-0.01,-0.16,6.98,7.51,-0.29,1.46,0.27,-2.80,8.59,3.46,-0.06,0.06,-0.02,-1.78,9.35,2.14,-0.05,-0.06,-0.02,0.00,0.00,0.00,0.00,0.00,0.00,0.79,0.42,0.42,-1.28,-2.01,0.12,R
25.204,90,130,134,101,123,0.55,-2.45,9.39,0.06,0.03,0.04,-1.15,7.81,7.63,-0.22,0.92,0.20,-2.66,8.82,3.13,-0.06,0.00,-0.00,-1.96,9.50,2.69,-0.03,0.01,-0.01,0.00,0.00,0.00,0.00,0.00,0.00,0.80,0.42,0.42,1.59,0.12,0.37,R
25.304,90,146,136,102,125,-0.08,-1.99,10.31,0.01,0.05,-0.15,-3.19,5.29,8.12,-0.01,1.56,-0.00,-2.26,8.58,3.06,-0.06,-0.01,0.02,-1.36,8.82,2.35,-0.09,-0.06,0.02,0.00,0.00,0.00,0.00,0.00,0.00,0.78,0.45,0.45,-0.24,0.85,0.98,R
25.405,91,158,134,101,122,0.55,-1.82,9.41,0.02,0.02,0.01,-3.82,6.78,7.35,-0.03,0.74,-0.08,-2.50,8.86,3.17,-0.02,-0.11,0.06,-1.39,9.04,2.21,-0.05,-0.06,0.06,0.00,0.00,0.00,0.00,0.00,0.00,0.79,0.44,0.44,-0.49,0.61,-0.18,R
25.506,91,158,135,101,122,0.39,-2.02,9.72,0.06,0.05,0.07,-6.78,6.24,8.95,0.09,0.58,0.03,-3.86,9.38,4.37,0.05,-0.15,0.06,-1.88,9.84,2.46,0.06,-0.08,0.09,0.00,0.00,0.00,0.00,0.00,0.00,0.80,0.41,0.43,-1.46,2.08,0.00,R
25.607,90,156,135,101,122,0.19,-2.05,9.96,0.07,0.03,0.03,-5.17,5.74,7.14,0.16,1.28,-0.07,-3.66,8.74,4.42,0.04,-0.03,0.02,-2.15,9.22,2.72,-0.00,-0.11,0.08,0.00,0.00,0.00,0.00,0.00,0.00,0.80,0.40,0.40,-1.28,2.20,1.10,R
25.708,89,153,130,100,122,0.05,-1.25,10.25,0.12,0.01,-0.06,-3.86,4.69,5.84,0.07,1.23,0.02,-3.17,8.87,3.99,-0.03,-0.26,-0.12,-1.41,9.09,2.40,-0.01,-0.08,-0.08,0.00,0.00,0.00,0.00,0.00,0.00,0.81,0.43,0.41,4.46,-1.71,-0.49,R
25.809,88,142,124,101,122,0.15,-2.74,10.00,0.04,0.10,-0.02,-5.66,5.22,6.76,0.45,2.39,0.18,-2.01,8.40,2.96,-0.22,0.17,-0.11,-1.13,8.90,2.04,-0.02,0.09,-0.09,0.00,0.00,0.00,0.00,0.00,0.00,0.83,0.43,0.42,4.09,-0.31,-1.22,R
25.911,89,144,117,100,122,0.55,-2.40,9.58,-0.04,0.01,0.07,-1.88,6.47,0.30,0.13,2.74,0.11,-2.24,8.71,2.52,-0.11,0.37,-0.01,-1.79,8.94,2.45,-0.07,0.09,0.02,0.00,0.00,0.00,0.00,0.00,0.00,0.81,0.41,0.41,1.89,2.01,0.12,R
26.012,87,181,120,101,124,0.17,-1.61,9.92,0.02,-0.08,0.02,-6.76,6.88,5.15,-0.20,-1.32,0.02,-2.31,8.85,3.29,0.05,-0.21,0.06,-1.02,9.46,1.40,0.05,-0.09,-0.03,0.00,0.00,0.00,0.00,0.00,0.00,0.79,0.45,0.43,1.40,1.16,-0.12,R
26.113,86,188,124,99,120,0.32,-1.36,9.93,-0.01,-0.01,0.02,-6.44,6.84,4.36,-0.06,-0.24,0.04,-2.50,9.03,3.41,0.06,0.01,-0.01,-1.34,9.47,2.02,0.01,-0.01,-0.04,0.00,0.00,0.00,0.00,0.00,0.00,0.80,0.42,0.41,2.75,0.61,-0.98,R
26.213,87,187,125,100,122,0.33,-1.79,9.83,-0.04,0.01,-0.04,-6.87,6.89,4.21,-0.04,-0.12,-0.05,-2.53,8.96,3.43,-0.02,0.07,0.02,-1.37,9.36,2.17,0.05,-0.01,-0.02,0.00,0.00,0.00,0.00,0.00,0.00,0.80,0.43,0.43,1.59,0.12,-0.12,R
26.314,87,189,128,99,122,0.26,-1.92,9.99,-0.01,0.03,-0.01,-8.09,6.10,3.81,0.06,0.70,0.00,-2.78,8.96,3.59,-0.04,0.09,0.04,-1.32,8.94,2.19,0.00,-0.02,0.03,0.00,0.00,0.00,0.00,0.00,0.00,0.79,0.43,0.42,-0.49,0.49,0.18,R
26.415,86,189,126,98,122,0.40,-1.92,9.74,-0.01,0.03,0.03,-7.11,6.48,3.29,-0.08,0.06,-0.03,-2.73,9.06,3.37,-0.04,0.06,-0.01,-1.59,9.31,2.52,-0.04,-0.02,0.01,0.00,0.00,0.00,0.00,0.00,0.00,0.80,0.42,0.42,0.24,-1.16,0.79,R
26.516,86,188,129,100,123,0.38,-1.57,9.88,0.01,0.04,0.03,-7.14,6.15,3.71,-0.02,0.27,0.01,-2.93,8.81,3.47,-0.04,0.21,0.01,-1.60,9.30,2.30,-0.02,-0.01,-0.00,0.00,0.00,0.00,0.00,0.00,0.00,0.81,0.42,0.42,0.67,-0.85,0.24,R
26.618,88,187,131,100,122,0.23,-1.89,9.87,0.00,0.03,0.01,-5.72,5.88,2.74,0.04,0.50,0.01,-2.71,8.60,3.16,-0.10,0.19,-0.04,-1.73,9.14,2.55,-0.01,0.05,-0.02,0.00,0.00,0.00,0.00,0.00,0.00,0.80,0.41,0.42,2.20,-0.55,-0.61,R
26.718,86,187,131,98,122,0.17,-1.87,10.01,0.01,-0.01,0.02,-6.18,6.32,3.03,-0.07,-0.05,0.03,-2.78,8.67,3.21,-0.08,0.07,0.02,-1.70,9.19,2.47,0.01,0.01,0.01,0.00,0.00,0.00,0.00,0.00,0.00,0.82,0.42,0.42,0.98,1.10,-0.06,R
26.819,87,188,133,100,124,0.23,-1.65,9.94,-0.01,-0.01,0.02,-5.95,6.33,2.88,0.03,-0.03,0.04,-2.67,8.82,3.14,-0.04,0.08,0.01,-1.57,9.22,2.39,0.00,0.04,0.01,0.00,0.00,0.00,0.00,0.00,0.00,0.81,0.42,0.42,1.83,0.92,0.12,R
26.92,86,184,136,98,124,0.24,-2.10,9.96,-0.06,-0.00,0.01,-6.66,6.06,3.33,-0.06,-0.03,0.01,-2.87,8.77,3.45,-0.00,0.06,0.03,-1.65,9.29,2.59,-0.01,0.01,0.01,0.00,0.00,0.00,0.00,0.00,0.00,0.80,0.42,0.42,1.10,1.22,0.43,R
27.021,87,187,135,98,122,0.23,-1.78,9.96,-0.01,0.04,-0.00,-6.92,6.38,3.51,0.04,-0.14,0.03,-2.73,8.79,3.00,0.01,-0.04,0.03,-1.44,9.35,1.95,0.01,0.02,0.01,0.00,0.00,0.00,0.00,0.00,0.00,0.82,0.42,0.42,0.12,0.18,-0.06,R
27.122,86,187,134,99,124,0.19,-1.89,9.94,-0.05,0.01,-0.00,-7.00,6.36,3.46,-0.04,-0.03,-0.02,-2.75,8.76,3.18,-0.03,-0.00,0.01,-1.42,9.12,2.44,-0.01,0.04,0.02,0.00,0.00,0.00,0.00,0.00,0.00,0.78,0.42,0.42,0.61,-0.12,1.10,R
27.224,85,187,134,97,123,0.19,-1.67,9.92,-0.01,0.04,-0.00,-7.50,6.52,3.26,-0.05,0.02,-0.01,-2.86,8.99,3.27,-0.01,0.04,0.02,-1.56,9.41,2.46,-0.03,0.01,0.04,0.00,0.00,0.00,0.00,0.00,0.00,0.80,0.43,0.42,-0.43,-0.06,0.79,R
27.324,86,188,137,99,133,0.15,-1.96,10.07,-0.02,0.04,-0.02,-7.55,6.35,3.18,0.07,0.32,-0.04,-3.00,8.62,3.72,-0.01,0.06,0.01,-1.66,9.34,2.38,0.00,-0.03,0.03,0.00,0.00,0.00,0.00,0.00,0.00,0.79,0.42,0.42,-0.79,-0.49,0.98,R
27.425,85,184,136,99,125,0.36,-1.96,9.64,-0.01,0.05,0.01,-6.36,6.08,2.54,0.09,0.33,0.02,-2.93,8.71,3.40,-0.05,0.08,-0.03,-1.67,9.20,2.45,-0.02,-0.01,0.00,0.00,0.00,0.00,0.00,0.00,0.00,0.79,0.41,0.41,0.06,-0.43,-0.12,R
27.527,86,181,137,99,120,0.22,-1.86,9.84,0.00,0.02,0.01,-7.18,6.35,2.79,0.08,0.26,0.01,-3.03,8.71,3.24,-0.01,0.09,-0.02,-1.73,9.49,2.47,0.00,0.02,-0.00,0.00,0.00,0.00,0.00,0.00,0.00,0.80,0.41,0.41,0.92,-0.37,-0.18,R
27.627,85,183,139,97,122,0.23,-2.02,9.84,-0.01,0.00,0.03,-6.90,6.25,2.76,0.01,0.09,0.01,-3.01,8.88,3.31,-0.04,0.04,-0.00,-1.81,9.41,2.69,0.01,0.03,-0.01,0.00,0.00,0.00,0.00,0.00,0.00,0.80,0.41,0.42,1.53,-0.24,-0.06,R
27.728,86,183,139,98,120,0.30,-1.88,9.85,0.00,0.01,-0.01,-6.87,6.46,2.83,-0.04,0.14,-0.00,-2.85,8.77,3.20,-0.02,0.02,0.00,-1.69,9.20,2.40,-0.02,0.03,0.00,0.00,0.00,0.00,0.00,0.00,0.00,0.81,0.42,0.42,-0.24,-0.18,0.49,R
27.829,84,184,135,100,124,0.40,-1.91,9.70,-0.01,-0.01,0.01,-6.73,6.12,2.83,0.10,0.04,0.06,-2.77,8.60,3.21,0.00,0.01,0.01,-1.55,9.28,2.49,-0.00,0.02,-0.00,0.00,0.00,0.00,0.00,0.00,0.00,0.80,0.42,0.42,0.31,0.00,-0.31,R
27.93,87,198,139,99,122,0.36,-1.58,9.74,0.01,0.00,-0.02,-6.84,6.58,2.89,0.05,-0.08,-0.01,-2.58,8.89,2.96,-0.04,-0.03,0.00,-1.44,9.42,2.09,-0.01,0.02,-0.01,0.00,0.00,0.00,0.00,0.00,0.00,0.81,0.42,0.42,1.10,-0.43,-0.06,R
28.031,84,196,136,99,120,0.33,-2.07,9.89,-0.02,0.01,-0.00,-7.13,6.22,2.74,0.00,-0.08,0.02,-2.61,8.71,2.97,-0.02,-0.00,0.00,-1.30,9.16,2.15,0.00,0.04,-0.00,0.00,0.00,0.00,0.00,0.00,0.00,0.78,0.43,0.42,1.10,0.37,0.18,R
28.132,86,193,139,97,119,0.23,-1.77,9.91,0.00,0.03,-0.02,-6.97,6.50,2.65,-0.03,-0.05,0.01,-2.63,8.92,2.88,-0.03,-0.01,0.02,-1.43,9.52,2.15,-0.01,0.04,0.01,0.00,0.00,0.00,0.00,0.00,0.00,0.80,0.43,0.43,0.92,0.79,0.18,R
28.233,86,193,141,98,121,0.21,-1.92,9.88,0.01,0.02,-0.04,-6.68,6.53,2.47,0.00,0.00,0.01,-2.52,8.95,2.88,-0.03,0.00,0.01,-1.34,9.37,2.10,-0.01,0.02,0.01,0.00,0.00,0.00,0.00,0.00,0.00,0.80,0.42,0.42,0.79,1.22,0.12,R
28.334,87,200,139,100,121,0.30,-2.08,9.87,-0.00,0.02,-0.04,-6.69,6.31,2.54,0.01,0.07,-0.02,-2.59,8.72,3.06,-0.02,0.03,-0.01,-1.33,9.21,2.15,0.00,0.02,-0.00,0.00,0.00,0.00,0.00,0.00,0.00,0.80,0.43,0.42,0.73,0.06,-0.55,R
28.435,85,196,137,98,121,0.25,-1.91,10.01,-0.01,0.02,-0.01,-7.21,6.47,2.66,0.04,0.01,0.02,-2.80,8.87,3.05,-0.02,-0.01,0.01,-1.45,9.37,2.24,0.01,0.03,0.02,0.00,0.00,0.00,0.00,0.00,0.00,0.80,0.43,0.42,1.10,0.92,0.00,R
28.537,87,195,141,99,122,0.19,-1.95,10.03,-0.01,0.01,-0.01,-6.58,6.21,2.87,0.27,-0.05,0.27,-2.74,8.86,3.20,-0.09,-0.04,0.02,-1.46,9.12,2.27,-0.02,-0.01,0.03,0.00,0.00,0.00,0.00,0.00,0.00,0.80,0.43,0.43,0.37,0.55,0.67,R
28.637,86,192,140,99,121,0.04,-1.53,10.27,0.03,0.04,-0.06,-9.32,8.88,2.23,1.03,1.53,0.60,-2.97,9.12,3.34,-0.07,-0.03,-0.09,-1.21,10.07,1.98,0.02,0.00,-0.08,0.00,0.00,0.00,0.00,0.00,0.00,0.82,0.42,0.42,1.28,-2.26,-0.73,R
28.738,87,192,131,98,122,0.26,-1.68,9.90,-0.02,0.06,-0.01,-7.84,7.51,1.12,0.32,1.21,0.02,-2.91,8.87,3.32,0.08,-0.11,-0.04,-1.38,9.28,2.10,0.01,0.02,-0.01,0.00,0.00,0.00,0.00,0.00,0.00,0.79,0.42,0.43,-0.43,-1.95,1.10,R
28.839,87,195,128,98,121,0.39,-2.11,9.73,-0.04,0.01,0.02,-6.58,7.50,0.30,0.06,-0.05,0.10,-2.72,9.11,2.88,0.01,-0.04,-0.04,-1.47,9.27,2.14,0.01,0.02,-0.01,0.00,0.00,0.00,0.00,0.00,0.00,0.79,0.42,0.42,1.34,-1.16,-0.49,R
28.94,85,192,128,98,123,0.26,-2.15,9.89,-0.01,0.01,0.04,-6.24,7.20,0.56,0.11,-0.15,0.26,-3.07,8.91,3.58,-0.03,-0.11,-0.01,-1.58,9.30,2.25,-0.01,-0.02,0.00,0.00,0.00,0.00,0.00,0.00,0.00,0.80,0.42,0.42,0.85,0.06,0.79,R
29.041,86,187,124,99,123,0.15,-2.09,9.98,0.00,0.04,0.00,-7.29,8.12,0.66,0.21,0.70,0.16,-2.82,8.89,3.27,-0.07,0.02,-0.02,-1.82,9.54,2.56,0.02,0.05,0.01,0.00,0.00,0.00,0.00,0.00,0.00,0.80,0.42,0.42,1.53,0.79,0.24,R
29.142,85,192,119,97,120,0.20,-2.26,9.97,-0.03,0.03,0.00,-6.73,7.03,-0.08,0.07,0.36,0.01,-2.95,8.72,3.48,0.02,0.00,0.00,-1.73,9.45,2.48,0.01,-0.04,0.01,0.00,0.00,0.00,0.00,0.00,0.00,0.80,0.42,0.42,0.31,0.55,-0.37,R
29.243,85,197,120,97,121,0.42,-1.98,9.79,-0.01,-0.03,0.01,-6.30,8.28,-2.53,-0.18,2.81,-0.03,-2.71,9.02,2.85,0.05,0.00,-0.01,-1.63,9.26,2.56,0.01,-0.02,0.01,0.00,0.00,0.00,0.00,0.00,0.00,0.78,0.42,0.42,0.18,-0.98,0.55,R
29.344,86,205,121,97,122,0.22,-1.67,9.87,0.03,0.02,0.01,-9.39,7.51,1.25,0.06,1.23,0.05,-3.00,9.43,3.54,0.03,0.32,0.02,-1.63,9.40,2.37,0.01,0.04,0.02,0.00,0.00,0.00,0.00,0.00,0.00,0.80,0.42,0.42,0.79,0.79,-0.37,R
29.445,87,206,123,96,121,0.24,-2.24,9.98,0.01,0.03,0.01,-6.50,7.05,-0.87,-0.04,-0.01,-0.06,-2.82,8.81,2.81,-0.03,0.00,0.00,-1.58,9.42,2.27,-0.00,0.03,-0.01,0.00,0.00,0.00,0.00,0.00,0.00,0.80,0.42,0.43,1.22,0.18,0.00,R
29.546,87,207,125,97,122,0.46,-2.10,9.71,0.01,-0.03,0.00,-5.61,7.29,-0.91,-0.15,-0.11,-0.21,-2.79,8.83,3.16,-0.02,0.00,0.00,-1.57,9.27,2.22,-0.00,-0.01,-0.01,0.00,0.00,0.00,0.00,0.00,0.00,0.80,0.42,0.42,0.92,0.43,0.06,R
29.647,85,206,126,96,121,0.27,-2.03,9.96,-0.00,0.03,0.01,-6.37,6.89,-0.79,-0.07,-0.03,-0.07,-2.74,8.93,2.88,0.00,0.02,-0.01,-1.48,9.44,2.27,-0.00,0.02,-0.01,0.00,0.00,0.00,0.00,0.00,0.00,0.80,0.42,0.42,1.40,0.12,-0.18,R
29.748,86,207,123,96,120,0.36,-2.06,9.86,-0.01,0.02,0.00,-5.75,6.83,-1.31,-0.06,-0.02,-0.09,-2.55,8.85,2.68,-0.03,0.04,0.01,-1.41,9.15,2.15,-0.00,0.04,-0.00,0.00,0.00,0.00,0.00,0.00,0.00,0.80,0.43,0.42,1.10,0.55,-0.43,R
29.85,86,219,129,96,120,0.13,-1.89,10.13,-0.02,-0.01,0.01,-6.89,7.23,-1.23,-0.06,-0.06,-0.04,-2.75,8.83,2.57,0.01,0.01,0.02,-1.51,9.49,2.23,-0.01,0.03,0.01,0.00,0.00,0.00,0.00,0.00,0.00,0.80,0.43,0.43,1.34,0.67,-0.06,R
29.951,88,219,129,96,122,0.43,-1.87,9.58,-0.01,0.01,0.00,-7.11,6.62,-1.09,-0.03,-0.03,-0.08,-2.83,8.83,2.96,-0.01,-0.02,0.02,-1.50,9.39,2.26,0.01,0.00,-0.01,0.00,0.00,0.00,0.00,0.00,0.00,0.80,0.42,0.42,1.77,-0.55,-0.79,R
30.051,87,224,131,97,122,0.48,-2.07,9.81,0.01,-0.01,0.01,-6.45,7.32,-1.38,0.04,0.17,-0.05,-2.83,8.75,3.14,-0.02,-0.01,-0.00,-1.53,9.20,2.20,0.01,-0.03,-0.02,0.00,0.00,0.00,0.00,0.00,0.00,0.79,0.42,0.43,1.46,-0.79,-0.43,R
30.152,87,226,133,96,119,0.38,-2.05,9.82,0.01,-0.00,0.03,-7.30,6.48,-1.66,-0.02,0.26,-0.07,-3.00,8.89,3.21,-0.06,0.02,0.02,-1.56,9.25,2.39,0.01,-0.02,0.00,0.00,0.00,0.00,0.00,0.00,0.00,0.80,0.42,0.43,0.98,-1.22,0.18,R
30.253,86,228,134,97,122,0.33,-1.82,9.89,0.02,0.00,0.02,-9.09,6.79,-1.13,0.02,0.85,0.26,-2.67,9.30,2.81,0.04,0.09,0.00,-1.43,9.39,2.08,-0.02,0.01,0.00,0.00,0.00,0.00,0.00,0.00,0.00,0.81,0.42,0.43,1.46,-0.43,-0.49,R
30.354,86,230,133,97,120,0.34,-1.87,9.93,0.01,-0.02,0.02,-7.90,7.50,-5.77,0.12,2.80,0.18,-2.61,9.04,2.26,0.03,0.22,-0.00,-1.61,9.42,2.28,0.04,0.09,-0.01,0.00,0.00,0.00,0.00,0.00,0.00,0.81,0.41,0.43,3.11,0.73,-1.34,R
30.455,89,238,140,96,121,0.57,-2.39,9.66,0.07,-0.03,0.06,-2.38,9.45,-2.77,0.29,-0.08,0.45,-2.29,9.26,1.99,0.13,0.14,0.02,-1.45,9.91,1.95,0.02,0.09,-0.05,0.00,0.00,0.00,0.00,0.00,0.00,0.80,0.42,0.43,4.03,0.98,-2.69,R
30.556,91,243,144,97,122,0.90,-1.79,8.89,-0.44,0.18,-0.14,-6.48,7.18,-3.88,0.26,0.84,0.62,-2.22,8.63,2.31,0.12,0.10,0.10,-1.54,8.38,2.52,0.01,0.15,-0.02,0.00,0.00,0.00,0.00,0.00,0.00,0.81,0.43,0.45,2.99,-9.89,-0.85,R
30.657,92,243,142,96,121,-0.17,-2.75,10.43,0.11,-0.03,-0.06,-5.43,7.48,-3.74,-0.03,-0.28,-0.17,-2.96,9.13,2.33,0.02,-0.16,0.11,-1.57,9.73,1.81,0.00,-0.06,0.08,0.00,0.00,0.00,0.00,0.00,0.00,0.83,0.42,0.44,-5.62,0.85,2.38,R
30.758,96,249,145,96,122,0.53,-2.91,9.18,0.11,0.04,0.14,-4.61,7.61,-4.43,-0.05,-0.33,0.23,-3.32,9.52,2.17,0.09,-0.06,0.13,-1.81,9.17,2.01,-0.01,-0.05,0.10,0.00,0.00,0.00,0.00,0.00,0.00,0.80,0.39,0.43,-3.42,1.34,3.11,R
30.859,95,249,147,97,121,0.25,-2.41,9.82,-0.06,-0.01,0.02,-4.65,7.76,-3.51,0.02,-0.02,0.57,-3.01,9.53,2.43,0.11,-0.01,-0.04,-1.58,10.07,1.81,0.09,-0.04,-0.06,0.00,0.00,0.00,0.00,0.00,0.00,0.78,0.41,0.44,2.75,-0.37,-1.59,R
30.96,99,247,147,97,120,0.11,-1.98,9.93,-0.00,-0.02,-0.05,-3.97,7.87,-3.62,-0.06,-0.02,0.43,-2.95,9.14,2.25,0.02,-0.01,0.00,-1.77,9.49,2.04,-0.00,-0.06,-0.04,0.00,0.00,0.00,0.00,0.00,0.00,0.81,0.41,0.44,0.49,-4.33,0.49,R
31.061,99,248,149,97,120,0.34,-2.37,9.62,0.03,0.04,-0.08,-4.43,7.94,-3.80,-0.18,0.01,0.42,-3.13,9.14,2.75,-0.04,0.03,0.07,-1.92,9.18,2.24,0.01,-0.03,0.04,0.00,0.00,0.00,0.00,0.00,0.00,0.79,0.41,0.44,-1.53,-0.61,0.43,R
31.162,102,246,151,96,119,0.02,-1.73,10.04,0.02,0.01,-0.13,-3.66,8.26,-3.10,-0.04,0.01,0.01,-2.26,8.95,1.93,-0.03,0.08,0.01,-1.50,9.41,1.87,0.03,0.06,-0.01,0.00,0.00,0.00,0.00,0.00,0.00,0.81,0.42,0.44,1.40,0.79,-0.73,R
31.263,101,246,150,98,120,0.42,-2.71,9.60,0.04,-0.00,0.01,-2.20,7.47,-3.93,0.01,-0.60,-0.19,-1.79,8.92,1.15,-0.09,-0.23,0.06,-1.28,9.16,1.68,0.03,0.00,0.02,0.00,0.00,0.00,0.00,0.00,0.00,0.79,0.43,0.44,0.06,2.26,-0.98,R
31.364,100,243,146,97,119,0.45,-2.10,9.51,0.17,-0.05,0.07,-4.06,8.44,-3.04,0.01,-0.88,-0.22,-1.70,9.00,1.18,0.03,-0.33,0.06,-1.23,9.19,1.55,0.02,-0.01,-0.01,0.00,0.00,0.00,0.00,0.00,0.00,0.80,0.41,0.43,1.04,2.14,-0.24,R
31.465,98,239,137,94,118,0.19,-1.98,9.76,0.07,-0.01,0.00,-3.47,6.81,-2.80,0.13,-0.81,-0.38,-0.93,7.98,-0.06,0.01,-0.48,-0.02,-1.38,9.26,1.56,-0.02,-0.08,-0.07,0.00,0.00,0.00,0.00,0.00,0.00,0.82,0.42,0.45,-1.34,-1.34,-3.42,R
31.566,96,237,134,96,117,-0.07,-1.35,10.07,0.06,0.00,-0.13,-6.87,9.15,-0.26,-0.47,-2.33,-0.51,-1.95,9.37,2.19,-0.04,-0.77,-0.14,-1.39,9.66,1.43,0.12,-0.07,-0.10,0.00,0.00,0.00,0.00,0.00,0.00,0.83,0.42,0.43,-5.62,-2.14,-2.62,R
31.667,95,233,129,95,118,0.42,-1.73,9.81,0.06,-0.06,-0.14,-5.77,8.34,-0.51,-0.20,-1.20,-0.07,-1.99,7.93,2.72,-0.14,-0.01,0.06,-1.29,8.94,1.92,-0.07,-0.04,0.03,0.00,0.00,0.00,0.00,0.00,0.00,0.81,0.44,0.43,-7.39,-0.49,-1.22,R
31.77,96,230,129,94,118,0.39,-1.91,9.94,-0.00,0.01,-0.16,-6.25,8.39,0.02,-0.08,-0.95,-0.05,-2.07,9.19,2.55,-0.07,-0.08,-0.00,-1.20,9.26,1.65,-0.03,-0.07,-0.01,0.00,0.00,0.00,0.00,0.00,0.00,0.80,0.43,0.43,-5.55,-1.46,-2.75,R
31.869,92,226,128,94,116,0.34,-1.76,9.69,0.04,0.01,-0.08,-7.91,7.96,0.58,-0.11,-1.25,0.07,-2.52,9.26,2.43,-0.04,-0.11,-0.01,-1.73,9.35,1.65,-0.01,-0.12,0.00,0.00,0.00,0.00,0.00,0.00,0.00,0.81,0.39,0.43,-4.03,-2.20,-2.32,R
31.97,94,219,128,94,119,0.26,-2.31,9.93,0.02,0.02,-0.19,-6.59,7.40,1.36,0.15,-0.47,-0.12,-2.56,8.89,2.73,-0.27,0.25,-0.10,-1.72,9.30,2.02,-0.03,0.03,-0.08,0.00,0.00,0.00,0.00,0.00,0.00,0.78,0.42,0.44,-11.29,-5.00,-4.58,R
32.071,92,214,131,94,119,0.40,-1.77,9.96,0.01,0.03,-0.26,-5.59,7.79,1.88,0.28,-1.60,0.01,-2.60,9.15,3.08,0.05,-0.13,-0.07,-1.75,9.71,1.99,0.07,-0.23,-0.06,0.00,0.00,0.00,0.00,0.00,0.00,0.81,0.41,0.41,-11.78,-4.70,-6.65,R
32.172,93,204,133,95,118,0.66,-1.58,9.84,0.04,-0.01,-0.23,-5.44,7.64,3.92,-0.20,-3.47,-0.20,-1.80,8.83,2.89,-0.07,-0.14,-0.03,-0.93,9.11,1.90,0.00,-0.12,-0.02,0.00,0.00,0.00,0.00,0.00,0.00,0.78,0.45,0.38,-6.10,-1.83,-2.81,R
32.273,91,181,130,97,119,0.57,-1.43,9.55,0.06,0.09,0.02,-3.82,7.97,4.11,-0.28,-2.57,-0.02,-2.06,9.09,2.58,-0.01,-0.01,-0.06,-1.35,9.35,1.58,0.02,0.08,-0.09,0.00,0.00,0.00,0.00,0.00,0.00,0.81,0.42,0.40,4.82,-0.79,-3.11,R
32.374,93,158,129,96,117,0.28,-1.78,10.01,-0.02,0.15,-0.00,-3.65,7.86,5.76,-0.12,-1.89,-0.09,-2.67,9.56,2.79,0.01,0.01,-0.11,-2.03,9.92,1.75,-0.00,0.06,-0.12,0.00,0.00,0.00,0.00,0.00,0.00,0.82,0.40,0.44,4.94,-3.60,-1.77,R
32.475,90,142,129,96,120,0.04,-2.43,9.94,-0.08,-0.02,0.06,-2.04,7.44,5.61,0.02,-1.40,-0.27,-2.92,8.82,2.95,-0.16,-0.09,-0.04,-2.24,9.22,2.22,-0.09,0.05,-0.03,0.00,0.00,0.00,0.00,0.00,0.00,0.78,0.39,0.45,3.36,-1.46,3.78,R
32.576,91,117,125,95,117,0.43,-1.98,9.69,0.00,-0.00,-0.01,-3.47,7.91,7.12,0.03,-1.45,-0.04,-2.88,9.16,3.24,-0.03,-0.11,0.00,-1.79,9.60,1.96,-0.02,0.06,0.02,0.00,0.00,0.00,0.00,0.00,0.00,0.79,0.42,0.43,-2.32,0.43,1.28,R
32.677,90,87,119,94,118,0.63,-1.61,9.75,0.04,-0.05,-0.01,-0.15,7.80,6.36,0.08,-0.93,-0.02,-2.28,9.07,3.12,-0.06,-0.11,0.01,-1.53,9.57,1.98,-0.00,0.07,0.03,0.00,0.00,0.00,0.00,0.00,0.00,0.79,0.42,0.39,2.50,3.23,1.95,R
32.778,92,70,121,97,118,0.70,-1.28,9.58,0.09,-0.16,0.04,1.47,8.16,6.85,0.36,-1.58,0.09,-3.08,8.71,3.24,-0.05,-0.26,0.03,-1.62,9.39,2.01,-0.01,0.09,0.00,0.00,0.00,0.00,0.00,0.00,0.00,0.80,0.42,0.41,4.58,2.87,2.14,R
32.879,91,34,113,95,116,0.54,-1.67,9.99,0.04,-0.16,0.09,3.42,7.82,4.48,0.03,-0.97,0.16,-1.86,8.71,2.78,-0.11,-0.32,0.06,-1.52,9.11,1.73,-0.05,0.14,0.00,0.00,0.00,0.00,0.00,0.00,0.00,0.82,0.42,0.41,5.07,3.54,1.65,R
32.98,90,3,107,97,118,0.77,-1.61,9.85,0.04,-0.04,0.11,1.70,7.91,4.94,-0.01,-0.28,-0.04,-1.84,8.66,3.03,-0.10,-0.04,0.00,-1.64,9.23,1.95,-0.01,0.19,-0.04,0.00,0.00,0.00,0.00,0.00,0.00,0.81,0.42,0.41,6.84,2.56,-0.18,R
33.081,90,1,101,96,120,0.66,-1.58,9.94,0.02,-0.01,0.10,2.35,7.93,4.84,-0.09,0.14,0.04,-1.98,8.81,2.96,-0.02,0.11,0.02,-1.70,9.28,1.91,0.01,0.17,-0.00,0.00,0.00,0.00,0.00,0.00,0.00,0.82,0.42,0.42,5.86,2.69,-0.12,R
33.182,90,28,104,96,118,0.60,-1.55,9.87,0.02,0.09,0.00,-0.20,6.67,5.89,0.27,3.64,-0.16,-1.90,8.57,3.17,-0.02,0.50,0.07,-1.42,8.80,1.63,0.02,0.13,-0.00,0.00,0.00,0.00,0.00,0.00,0.00,0.82,0.43,0.43,4.27,1.22,-0.79,R
33.284,90,112,123,97,118,0.24,-1.56,10.32,-0.01,0.11,-0.17,-2.41,8.75,6.67,0.26,2.40,0.17,-2.40,9.26,2.94,0.11,0.19,0.07,-1.36,9.50,1.45,-0.04,0.14,0.08,0.00,0.00,0.00,0.00,0.00,0.00,0.81,0.43,0.43,-4.82,1.95,2.38,R
33.385,90,147,120,96,117,0.56,-1.74,9.91,-0.01,0.10,-0.05,-2.34,8.02,5.39,0.16,1.49,0.00,-2.60,8.93,3.03,-0.06,0.17,-0.04,-1.54,9.46,1.70,0.00,0.04,-0.02,0.00,0.00,0.00,0.00,0.00,0.00,0.80,0.41,0.41,-1.22,-1.04,-0.79,R
33.485,92,170,126,96,117,0.57,-1.59,9.90,-0.02,0.09,-0.01,-2.72,7.75,4.76,0.15,1.34,0.01,-2.43,9.09,2.79,-0.05,0.16,-0.06,-1.76,9.47,1.91,-0.03,0.06,-0.04,0.00,0.00,0.00,0.00,0.00,0.00,0.80,0.43,0.41,0.61,-1.46,-0.92,R
33.586,92,191,124,96,115,0.34,-1.57,9.99,0.00,0.04,0.00,-2.38,7.02,4.12,0.02,1.22,0.07,-2.49,8.74,2.86,-0.05,0.31,-0.01,-1.71,8.96,1.88,-0.00,0.14,-0.05,0.00,0.00,0.00,0.00,0.00,0.00,0.80,0.42,0.42,3.48,-0.67,-1.22,R
33.687,96,196,129,97,115,0.34,-1.88,9.78,0.03,0.04,-0.04,-3.09,8.12,2.83,-0.14,0.06,0.06,-2.35,9.06,2.01,-0.00,0.31,-0.00,-1.79,9.51,1.92,0.03,0.06,-0.02,0.00,0.00,0.00,0.00,0.00,0.00,0.82,0.42,0.43,1.22,-0.85,-1.34,R
33.788,95,201,135,96,116,0.33,-1.85,10.09,-0.02,-0.02,-0.04,-3.26,8.49,3.37,-0.04,-0.01,-0.02,-2.62,8.87,2.36,-0.06,0.04,-0.02,-1.74,9.32,1.61,-0.03,0.01,-0.02,0.00,0.00,0.00,0.00,0.00,0.00,0.81,0.42,0.42,-0.37,-1.10,0.31,R
33.889,95,201,135,97,116,0.36,-1.61,9.77,-0.01,-0.01,-0.04,-3.76,8.19,3.45,0.01,0.29,-0.03,-2.66,8.89,2.53,0.01,0.21,-0.01,-1.69,9.15,1.68,0.03,0.04,-0.03,0.00,0.00,0.00,0.00,0.00,0.00,0.81,0.42,0.42,-0.12,-1.40,0.06,R
33.99,94,206,137,97,117,0.28,-2.16,10.30,-0.03,-0.08,-0.16,-4.77,9.48,3.73,0.37,1.08,-0.02,-3.49,8.07,2.96,0.29,0.47,0.05,-1.71,7.58,1.13,0.86,0.72,-0.22,0.00,0.00,0.00,0.00,0.00,0.00,0.83,0.43,0.43,-11.41,1.89,2.50,R
34.091,94,209,141,96,117,0.52,-1.40,9.70,0.01,0.04,-0.03,-5.88,8.44,2.67,0.21,0.44,0.13,-3.28,8.96,2.41,0.15,0.16,-0.01,-2.18,9.43,1.49,0.07,-0.02,-0.04,0.00,0.00,0.00,0.00,0.00,0.00,0.79,0.42,0.39,-0.79,0.37,-0.61,R
34.192,99,218,141,93,116,0.38,-1.71,10.20,-0.06,0.12,0.04,-5.98,8.94,2.39,0.04,0.87,0.08,-3.78,9.46,2.56,0.04,-0.04,-0.00,-2.60,9.92,1.66,-0.02,0.03,-0.00,0.00,0.00,0.00,0.00,0.00,0.00,0.82,0.41,0.42,1.34,0.98,-1.34,R
34.293,97,228,140,93,116,0.25,-1.76,9.93,0.04,0.09,0.05,-5.60,8.12,0.98,0.04,1.37,0.02,-3.62,9.34,2.19,0.01,0.09,-0.02,-2.60,9.62,1.57,0.02,0.02,-0.01,0.00,0.00,0.00,0.00,0.00,0.00,0.81,0.40,0.42,2.38,0.61,-1.34,R
34.394,97,235,145,93,117,0.28,-1.69,9.90,0.01,0.06,-0.03,-6.12,8.54,0.17,0.06,1.35,0.11,-3.60,9.16,2.21,0.00,-0.02,0.03,-2.56,9.56,1.51,-0.04,-0.03,0.06,0.00,0.00,0.00,0.00,0.00,0.00,0.80,0.41,0.42,-1.89,-0.12,0.61,R
34.495,99,235,140,93,117,0.28,-1.89,9.91,-0.04,0.07,-0.00,-5.34,8.33,-0.47,0.18,1.64,0.20,-3.30,8.97,1.89,-0.02,0.13,-0.00,-2.28,9.44,1.32,-0.01,0.03,0.06,0.00,0.00,0.00,0.00,0.00,0.00,0.80,0.40,0.40,-1.16,0.92,-0.79,R
34.596,103,242,140,92,115,0.43,-1.60,9.67,-0.01,0.07,0.04,-4.93,8.42,-0.23,0.14,1.22,0.15,-3.57,9.08,1.88,-0.01,0.17,-0.07,-2.50,9.68,1.57,0.02,0.06,-0.02,0.00,0.00,0.00,0.00,0.00,0.00,0.79,0.40,0.40,2.26,-0.79,-1.83,R
34.697,106,247,140,92,115,0.17,-1.64,9.87,0.01,0.03,0.03,-4.33,8.60,-1.07,0.13,0.59,0.07,-3.07,8.89,1.32,0.06,0.21,-0.06,-2.24,9.06,0.94,0.23,0.27,-0.15,0.00,0.00,0.00,0.00,0.00,0.00,0.80,0.40,0.41,2.56,-0.79,-1.65,R
34.798,108,252,142,93,117,0.19,-1.74,9.84,0.04,0.04,-0.03,-4.78,8.83,-1.28,0.11,0.61,0.15,-3.33,9.15,1.61,0.12,0.03,0.00,-2.38,9.34,0.99,0.13,0.08,-0.02,0.00,0.00,0.00,0.00,0.00,0.00,0.81,0.41,0.41,0.85,0.24,-0.73,R
34.899,109,255,141,93,115,0.09,-1.47,9.93,0.01,0.10,-0.01,-4.11,8.83,-1.63,0.12,0.84,0.14,-3.38,9.31,1.59,0.01,0.16,-0.04,-2.45,9.46,0.91,-0.08,0.06,-0.02,0.00,0.00,0.00,0.00,0.00,0.00,0.81,0.40,0.40,3.54,-0.24,-1.83,R
35.002,111,252,141,93,115,-0.08,-1.68,9.87,-0.06,0.06,-0.01,-3.57,8.49,-2.09,0.04,0.63,0.06,-3.50,9.23,1.35,-0.01,0.19,-0.06,-2.48,9.57,0.98,-0.07,0.12,-0.05,0.00,0.00,0.00,0.00,0.00,0.00,0.79,0.40,0.42,4.09,-1.40,-0.55,R
35.102,113,251,144,95,118,-0.04,-1.47,9.82,-0.00,0.10,0.03,-3.83,8.76,-2.10,-0.03,0.19,0.04,-3.15,8.95,1.09,-0.04,0.01,-0.05,-2.26,8.80,0.65,-0.06,0.05,-0.07,0.00,0.00,0.00,0.00,0.00,0.00,0.82,0.41,0.43,2.93,-2.93,-1.46,R
35.202,114,253,144,96,115,-0.07,-1.80,9.95,0.03,0.00,-0.01,-4.20,9.39,-2.09,0.01,0.31,0.19,-3.66,9.51,1.45,0.07,0.07,0.03,-2.89,9.25,1.65,-0.03,0.10,0.01,0.00,0.00,0.00,0.00,0.00,0.00,0.82,0.40,0.43,1.65,1.65,0.06,R
35.303,114,251,144,95,115,-0.11,-1.73,9.92,0.00,-0.01,-0.01,-3.57,8.85,-2.26,-0.02,-0.17,-0.00,-3.46,9.12,1.15,0.02,-0.06,0.04,-2.63,9.32,1.22,-0.09,-0.03,0.02,0.00,0.00,0.00,0.00,0.00,0.00,0.80,0.40,0.43,0.92,1.22,0.55,R
35.404,113,252,142,95,115,-0.08,-1.71,9.85,0.01,0.01,0.08,-4.19,8.68,-1.49,-0.27,-1.81,-0.45,-3.23,9.10,1.14,-0.03,-0.15,-0.03,-2.55,9.12,1.04,0.06,-0.01,-0.05,0.00,0.00,0.00,0.00,0.00,0.00,0.80,0.39,0.42,5.07,0.12,-0.12,R
35.505,105,243,137,93,114,-0.11,-1.95,10.08,0.01,-0.02,0.08,-4.37,8.31,-0.55,-0.51,-3.02,-0.21,-3.51,9.31,1.40,-0.15,-0.41,0.03,-2.53,9.45,1.00,-0.07,-0.03,-0.03,0.00,0.00,0.00,0.00,0.00,0.00,0.82,0.40,0.44,3.54,-0.18,0.98,R
35.606,101,221,128,93,114,0.00,-1.81,9.94,-0.06,-0.06,0.07,-3.92,7.82,0.59,-0.59,-3.50,-0.12,-3.21,9.25,1.25,-0.15,-0.42,-0.01,-2.78,9.54,1.26,-0.10,-0.04,0.02,0.00,0.00,0.00,0.00,0.00,0.00,0.80,0.39,0.44,0.85,-1.22,2.20,R
35.707,96,177,124,94,115,0.19,-1.78,9.72,-0.04,-0.04,0.08,-1.46,8.18,2.85,-0.38,-3.66,-0.28,-3.02,8.85,1.40,-0.05,-0.55,-0.10,-2.69,9.26,1.31,-0.00,0.01,-0.12,0.00,0.00,0.00,0.00,0.00,0.00,0.79,0.39,0.43,4.03,-2.56,-0.98,R
35.808,95,135,110,93,114,0.23,-1.38,9.67,-0.02,-0.12,0.04,-0.68,8.14,4.01,-0.28,-2.71,-0.24,-2.82,9.12,1.76,-0.22,-0.69,-0.09,-2.74,9.16,1.23,-0.10,0.01,-0.06,0.00,0.00,0.00,0.00,0.00,0.00,0.81,0.40,0.45,1.95,-1.95,0.43,R
35.909,94,96,103,95,114,0.02,-1.74,10.05,0.00,-0.08,-0.05,-0.26,7.98,5.32,-0.07,-1.35,-0.15,-2.96,8.60,2.36,-0.06,-0.44,-0.02,-2.59,8.83,1.17,-0.04,-0.03,-0.01,0.00,0.00,0.00,0.00,0.00,0.00,0.81,0.40,0.46,-0.73,-0.43,-0.18,R
36.01,88,58,98,94,115,0.29,-1.85,9.82,0.01,-0.08,-0.06,-0.46,7.98,5.41,-0.04,-1.11,-0.09,-2.93,8.86,2.34,-0.11,-0.17,0.01,-2.56,9.07,1.36,-0.04,-0.10,-0.00,0.00,0.00,0.00,0.00,0.00,0.00,0.80,0.40,0.45,-2.01,-0.73,-0.31,R
36.111,91,16,94,93,114,0.38,-1.87,9.86,-0.02,-0.04,-0.05,0.89,8.09,5.56,-0.02,-1.04,-0.12,-2.93,9.05,2.68,-0.16,-0.16,0.03,-2.60,9.20,1.40,-0.05,-0.06,0.00,0.00,0.00,0.00,0.00,0.00,0.00,0.81,0.40,0.44,-2.81,-0.79,-0.18,R
36.212,90,0,88,93,109,0.34,-1.72,9.86,-0.01,-0.01,-0.03,0.24,8.24,5.73,-0.04,-0.56,-0.04,-3.07,9.10,3.20,-0.10,-0.09,0.00,-2.83,9.36,1.67,-0.04,-0.07,0.01,0.00,0.00,0.00,0.00,0.00,0.00,0.81,0.39,0.43,-1.83,-0.98,0.24,R
36.313,92,0,87,92,114,0.40,-1.76,9.83,-0.02,0.03,-0.01,1.10,7.78,5.47,-0.08,0.44,-0.15,-3.05,8.98,2.87,0.06,0.01,-0.03,-2.83,9.42,1.72,0.02,0.00,-0.01,0.00,0.00,0.00,0.00,0.00,0.00,0.80,0.40,0.43,-1.28,-0.85,-0.92,R
36.414,89,82,89,90,114,0.18,-1.18,10.18,-0.02,0.36,-0.15,-3.79,10.41,6.76,1.10,5.50,-0.39,-2.78,8.94,2.17,0.22,0.33,0.04,-2.79,9.26,1.88,0.10,0.07,0.07,0.00,0.00,0.00,0.00,0.00,0.00,0.78,0.40,0.44,-2.75,2.87,-1.10,R
36.515,94,159,104,93,112,-0.22,-1.20,10.31,0.08,0.18,-0.27,-3.84,9.06,5.01,0.39,3.78,0.23,-2.80,9.29,3.19,0.20,0.45,-0.00,-2.32,8.88,1.38,0.06,0.07,0.00,0.00,0.00,0.00,0.00,0.00,0.00,0.80,0.43,0.44,-0.37,1.22,-0.98,R
36.617,94,183,109,91,113,0.31,-1.65,9.69,0.02,0.06,-0.05,-4.68,8.40,4.53,0.35,2.47,0.10,-2.95,8.88,2.22,-0.03,0.59,0.00,-2.49,9.05,1.20,0.04,0.08,0.00,0.00,0.00,0.00,0.00,0.00,0.00,0.80,0.40,0.43,0.49,0.61,-1.53,R
36.717,96,193,117,92,113,0.23,-1.73,9.75,-0.04,-0.01,0.05,-3.20,8.01,3.00,-0.36,-0.69,-0.01,-3.01,8.82,1.93,-0.23,0.02,-0.01,-2.63,9.02,1.30,-0.02,0.02,-0.04,0.00,0.00,0.00,0.00,0.00,0.00,0.80,0.41,0.44,3.78,-1.77,-0.43,R
36.818,94,187,120,93,113,0.15,-1.76,9.98,-0.01,-0.02,-0.02,-3.51,8.94,3.40,-0.26,-0.58,-0.09,-3.15,8.89,2.21,-0.15,-0.08,-0.02,-2.63,9.27,1.49,-0.07,-0.01,-0.05,0.00,0.00,0.00,0.00,0.00,0.00,0.80,0.41,0.44,1.34,-0.98,-0.43,R
36.919,94,173,115,94,112,0.09,-2.23,9.77,-0.12,0.03,0.07,-2.47,8.52,5.81,-0.42,-4.59,0.12,-4.07,8.57,3.27,-0.08,-0.44,-0.20,-3.84,9.12,2.34,-0.05,-0.21,-0.20,0.00,0.00,0.00,0.00,0.00,0.00,0.78,0.40,0.55,3.30,-11.35,-1.95,R
37.02,90,126,104,92,114,-0.26,-4.75,9.96,-0.60,0.12,-0.67,-3.45,7.27,7.82,-0.63,-2.45,-0.72,-6.79,7.93,5.82,-0.42,-1.83,-0.55,-6.99,8.82,4.98,-0.26,-1.81,-0.33,0.00,0.00,0.00,0.00,0.00,0.00,0.73,0.38,0.72,-39.12,-54.32,-7.63,R
37.121,87,98,96,90,114,1.90,-5.90,5.52,-2.06,0.54,-2.59,-0.67,5.92,7.91,-3.09,-2.66,-1.44,-6.75,4.76,7.44,-1.51,-3.42,-2.49,-7.56,5.36,6.37,-1.51,-4.16,-2.19,0.00,0.00,0.00,0.00,0.00,0.00,0.49,0.45,0.65,-113.28,-208.37,-29.36,R
37.222,84,84,98,89,115,-0.38,-5.23,5.84,-2.61,2.28,-3.29,0.67,0.43,6.79,-3.18,-0.37,-3.64,-4.69,6.02,4.20,-0.63,-3.29,-3.75,-4.13,8.23,3.06,-1.15,-4.85,-3.10,0.00,0.00,0.00,0.00,0.00,0.00,0.35,0.49,0.59,-73.06,-225.34,-92.59,R
37.323,79,70,109,85,108,-3.49,-4.79,9.00,-1.41,2.50,-0.63,-5.63,3.17,11.22,-0.80,1.60,-2.36,-5.01,7.61,4.84,0.00,-1.50,-2.34,-3.06,8.57,2.93,-0.11,-2.23,-2.05,0.00,0.00,0.00,0.00,0.00,0.00,0.42,0.30,0.74,30.46,-84.35,-91.49,R
37.424,76,58,103,80,95,-4.09,-4.89,9.62,0.07,1.17,-0.15,-4.59,4.67,9.45,0.34,0.64,-0.76,-3.75,6.75,4.79,0.46,-0.11,-0.65,-1.81,6.69,2.96,0.64,0.35,-0.74,0.00,0.00,0.00,0.00,0.00,0.00,0.37,0.30,0.80,33.08,10.93,-45.47,R
37.525,70,61,101,79,87,-3.12,-1.68,5.76,0.49,0.20,0.61,-10.08,2.87,13.34,-0.05,1.36,-1.31,-12.74,15.15,16.04,1.05,0.71,-0.89,-1.92,1.66,4.38,0.44,0.12,-0.16,0.00,0.00,0.00,0.00,0.00,0.00,0.31,0.12,0.78,0.85,-42.79,-5.25,R
37.626,70,73,102,79,85,0.99,-6.33,2.16,0.62,0.37,-0.34,-1.75,-1.31,6.77,0.09,0.40,-0.36,-4.12,1.35,9.99,0.15,-0.67,-0.83,-3.73,1.94,9.28,0.66,-0.96,-1.27,0.00,0.00,0.00,0.00,0.00,0.00,0.39,0.36,0.91,22.09,-2.75,-35.83,R
37.727,47,66,91,74,85,-1.53,-8.07,7.47,1.75,0.25,-0.73,-4.65,5.38,7.88,0.57,0.30,0.27,-3.37,6.77,4.30,0.43,0.30,-0.21,-1.69,9.39,0.95,1.18,2.07,0.10,0.00,0.00,0.00,0.00,0.00,0.00,0.58,0.27,0.77,5.25,47.06,-33.75,R
37.828,34,63,91,80,85,-1.78,-6.42,8.25,-1.13,0.66,-0.39,-6.62,5.57,10.20,-0.71,-0.02,0.28,-5.06,3.66,8.70,-0.37,0.31,-0.30,-4.11,6.32,5.56,0.23,1.12,-0.04,0.00,0.00,0.00,0.00,0.00,0.00,0.35,0.36,0.83,-3.42,-20.57,-7.02,R
37.929,26,73,96,93,85,-3.50,-5.29,9.13,-0.15,0.11,-0.84,-5.66,3.03,8.60,0.05,0.56,-0.09,-5.35,5.43,7.00,-0.07,0.13,-0.07,-4.73,6.13,4.57,0.17,0.22,0.11,0.00,0.00,0.00,0.00,0.00,0.00,0.51,0.21,0.84,0.43,-9.03,0.37,R
38.031,15,81,94,96,80,-2.34,-6.50,7.71,-0.65,-0.52,-0.05,-5.39,2.11,8.19,-0.09,0.17,-0.05,-4.98,4.73,7.08,-0.26,-0.09,-0.04,-4.96,7.49,6.34,-0.24,-0.10,0.03,0.00,0.00,0.00,0.00,0.00,0.00,0.49,0.23,0.85,5.25,-5.43,-1.46,R
38.131,6,80,96,103,77,-2.12,-6.39,7.85,-0.34,0.09,0.10,-5.83,2.05,8.21,-0.01,0.40,-0.14,-5.02,5.18,6.93,-0.19,0.18,0.01,-5.94,13.25,6.10,0.76,0.60,0.01,0.00,0.00,0.00,0.00,0.00,0.00,0.48,0.23,0.86,0.18,-7.57,4.33,R
38.232,15,87,96,98,77,-1.84,-6.58,7.09,-0.04,0.10,0.14,-5.65,0.83,7.72,-0.10,0.21,0.03,-5.20,3.75,7.40,-0.27,0.13,0.08,-4.99,6.11,5.96,-0.01,0.11,-0.00,0.00,0.00,0.00,0.00,0.00,0.00,0.45,0.25,0.87,-1.34,-7.26,2.99,R
38.334,21,91,101,100,77,-2.27,-6.37,7.25,0.11,0.09,-0.06,-6.20,1.89,7.71,-0.02,0.07,-0.06,-5.21,4.51,7.09,-0.03,-0.01,-0.04,-5.07,6.37,5.46,-0.11,-0.06,-0.06,0.00,0.00,0.00,0.00,0.00,0.00,0.47,0.23,0.87,-0.37,-5.00,1.10,R
38.434,23,90,99,97,76,-2.28,-6.64,7.20,0.06,0.13,-0.08,-5.92,1.86,7.29,-0.07,0.13,0.01,-5.19,4.41,7.12,-0.14,0.02,-0.05,-5.13,6.62,5.46,-0.03,0.03,-0.06,0.00,0.00,0.00,0.00,0.00,0.00,0.45,0.24,0.87,-0.24,-3.23,2.38,R
38.535,31,93,98,98,76,-2.33,-6.53,7.30,-0.01,0.16,-0.06,-6.12,1.02,7.81,-0.05,0.01,-0.01,-5.11,4.08,7.33,-0.12,-0.01,-0.03,-4.88,6.41,5.52,-0.07,0.01,-0.03,0.00,0.00,0.00,0.00,0.00,0.00,0.42,0.27,0.89,-0.12,-1.83,1.40,R
38.636,33,93,99,99,75,-2.47,-6.76,7.43,-0.05,0.19,-0.05,-6.22,1.01,7.62,-0.02,0.03,-0.04,-5.09,4.16,7.13,-0.06,-0.00,-0.03,-4.91,6.36,5.54,-0.14,0.01,-0.01,0.00,0.00,0.00,0.00,0.00,0.00,0.42,0.26,0.88,-0.43,-3.42,2.08,R
38.737,40,94,98,97,75,-2.59,-6.82,7.22,0.18,0.20,0.07,-6.30,1.23,7.58,-0.07,0.08,-0.00,-5.23,3.98,7.26,-0.11,0.00,-0.01,-5.06,6.26,5.61,-0.06,0.02,-0.03,0.00,0.00,0.00,0.00,0.00,0.00,0.43,0.25,0.88,-0.12,-3.48,2.26,R
38.838,36,98,98,97,75,-2.48,-6.43,7.14,0.00,-0.21,-0.05,-6.41,0.32,7.68,0.24,0.12,-0.13,-5.20,3.96,7.28,-0.08,-0.04,-0.04,-5.06,6.12,5.77,-0.08,-0.05,-0.06,0.00,0.00,0.00,0.00,0.00,0.00,0.43,0.26,0.88,1.59,-6.59,2.99,R
38.939,33,102,97,92,75,-2.50,-6.56,7.15,0.02,0.02,0.03,-6.46,1.19,7.63,0.04,0.03,0.05,-5.17,4.00,7.32,0.03,0.02,0.03,-5.10,6.19,5.80,-0.02,0.00,0.01,0.00,0.00,0.00,0.00,0.00,0.00,0.44,0.26,0.87,0.43,1.10,0.24,R
39.04,31,102,98,99,74,-2.59,-6.56,7.22,-0.01,0.04,-0.02,-6.47,1.14,7.63,0.10,0.00,0.04,-5.14,3.95,7.38,0.02,-0.01,0.01,-5.00,6.19,5.82,-0.01,0.00,0.00,0.00,0.00,0.00,0.00,0.00,0.00,0.43,0.26,0.88,0.67,0.18,0.37,R
39.141,37,102,96,97,75,-2.52,-6.62,7.14,-0.00,0.06,-0.06,-4.96,-0.45,4.92,-0.30,0.37,-0.06,-5.16,3.43,7.37,-0.09,0.02,0.01,-5.19,6.09,5.74,0.07,0.03,-0.00,0.00,0.00,0.00,0.00,0.00,0.00,0.41,0.24,0.88,1.04,1.65,-0.31,R
