episode_id, timestamp, wx, wy, wz, marker
1,25.103,0.0160967780198236,0.0012868596216271011,-0.001801868620931439,start
1,25.204,0.01572718573469526,0.0022857997435427333,-0.001842684312662725,
1,25.305,0.014738488319356074,0.002311704669344262,-0.001724337517188669,
1,25.406,0.013709063837677362,0.0016028094784218123,-0.0012084656806117258,
1,25.507,0.013013127696748368,0.0003954721025830778,-0.0004966083609189297,
1,25.608,0.012629044278271221,-0.0018442555163584507,-8.078310145284702e-05,
1,25.71,0.012563453047281998,-0.0058455842484642665,0.0002589956167561191,
1,25.81,0.012987813124458234,-0.010525585257292523,0.000992404112260317,
1,25.912,0.01390613163338261,-0.01351228882034337,0.002028011891898544,
1,26.012,0.01500088047471306,-0.013504581959270042,0.0029814552190501383,
1,26.113,0.01565114027203705,-0.011384238016254804,0.00365137966894006,
1,26.216,0.015666145990571725,-0.008959092944979031,0.004085651500319685,
1,26.317,0.015335618821009875,-0.006705038719791184,0.004232249554941724,
1,26.416,0.01466281723544831,-0.003861982508430802,0.00384256563273573,
1,26.52,0.013614233395141347,-0.0004419260743170085,0.0030526108850208776,
1,26.619,0.012345783644421234,0.0026002422127839515,0.0023007453912614237,
1,26.719,0.011080284016542659,0.004854215509893377,0.0017388647135680195,
1,26.82,0.010170713435941734,0.006358515505375305,0.0012388126538873528,
1,26.921,0.009667643707351476,0.0065986813348909434,0.0007765228842506875,
1,27.023,0.009360541002281094,0.0051289920766696,0.00043868310889103474,
1,27.123,0.009417610393646546,0.002358270668968245,0.00031646083234782626,
1,27.224,0.010047167974279078,-0.0008104703443085919,0.0005351301786297228,
1,27.325,0.011165072413924386,-0.003443629000621522,0.0009934217197826581,
1,27.426,0.012439774766338459,-0.004897833216926656,0.0013757927082575987,
1,27.529,0.013432221764772916,-0.005047951279916829,0.0015315359894611663,
1,27.628,0.014055255689584002,-0.004265507174017076,0.0015504510962760841,
1,27.729,0.014433378001641878,-0.00286719953440012,0.0015431854806937165,
1,27.83,0.014560956245972267,-0.0007586023223385925,0.0015407437418281788,
1,27.932,0.014349348855129698,0.0018324409631536726,0.0014995294545741198,
1,28.032,0.013895140887350187,0.004055056357560269,0.0014788217226434938,
1,28.133,0.013469047523725287,0.005091683688708026,0.0015149919277885444,
1,28.234,0.013116246311100107,0.004471191507558691,0.0015672091648499223,
1,28.336,0.012691574116474341,0.002816718212428816,0.0017131536125637524,
1,28.436,0.012258427953259066,0.0014872799912385322,0.001861918217188335,
1,28.538,0.012026398346658604,0.0007044456534317646,0.0018708480420628897,
1,28.638,0.011980552188553685,-0.0003729877753629983,0.0018524710058371871,
1,28.74,0.012120891805829873,-0.00195590780866063,0.002031874684117393,
1,28.84,0.012478029453896486,-0.0028770849142291726,0.002411343422720508,
1,28.941,0.012878921786431278,-0.002230762224427628,0.0026327599344797663,
1,29.044,0.013145978468110674,-0.0004172247484414249,0.002500173280304159,
1,29.143,0.013179558353977133,0.001659214753171506,0.0022353223011124693,
1,29.244,0.012934512441822603,0.002903219666481563,0.0020541385484525495,
1,29.345,0.012530454832100057,0.002700197773273582,0.0019201387671310226,
1,29.446,0.01222512418222238,0.001865849146871778,0.0017009776573424873,
1,29.548,0.012028671739365393,0.0017206503651603629,0.0014237729180613485,
1,29.649,0.01170751769455931,0.001983535506126586,0.0011947043779070294,
1,29.749,0.011419815715376277,0.0014144336118389487,0.0011866651504724548,
1,29.85,0.011474623091898273,-4.915071222112607e-05,0.0015348469526062362,
1,29.951,0.01161500378821603,-0.001365942053483958,0.0019538282943103572,
1,30.052,0.01160620332774483,-0.0016906279519519182,0.002128678584408264,
1,30.153,0.011481401023138306,-0.0012057235977278057,0.0020487837149362246,
1,30.254,0.011208101553650242,-0.000990655962892532,0.001853988379519784,
1,30.355,0.010924612045401032,-0.0017370715295371016,0.001748368795942254,
1,30.456,0.010892209805995328,-0.003124298684470828,0.001838119720766498,
1,30.557,0.011153138472696953,-0.00463931535841758,0.002112560781369078,
1,30.658,0.011472572599259219,-0.005988395994704213,0.002311651125584712,
1,30.759,0.011611081573450708,-0.0066740102865510435,0.0022536350856116657,
1,30.86,0.01151727076125231,-0.006086854518116824,0.0020564153512908855,
1,30.961,0.01143272141128275,-0.004688511467212878,0.0017857604575802545,
1,31.063,0.011574721777298989,-0.003846178292183273,0.0014476879536587173,
2,31.166,0.011826076311287001,-0.004048532358084329,0.0010094105915155961,end
2,41.768,0.013433617960076838,0.001442971354334779,-0.0018172233327497097,start
2,41.869,0.014083285665674164,0.0019270104845081986,-0.0018311293660218753,
2,41.971,0.01439211284402277,0.0038387557795246273,-0.001756040813752424,
2,42.071,0.014478563520750928,0.006701866761903134,-0.0016088763193080923,
2,42.172,0.014268229045290537,0.009517498531234335,-0.0014273080418529445,
2,42.274,0.013674135340260803,0.01139297432052573,-0.0011541358486582825,
2,42.375,0.013074429137020442,0.011764701534960845,-0.0006759082013745859,
2,42.475,0.012838273802182752,0.010609343455864105,-8.355435463841109e-05,
2,42.576,0.013043534812782864,0.00871812475686605,0.0004292524140666568,
2,42.677,0.013620565803998558,0.007186899320189337,0.000765720993775154,
2,42.779,0.01413379692332852,0.0065213252036233835,0.0008148463601333918,
2,42.881,0.014333536500318052,0.006425848471866825,0.0006126435501789609,
2,42.98,0.014298645979991366,0.006065726596888954,0.0003285884333067842,
2,43.081,0.013944322743725318,0.0044746841334491385,0.00012001260070260643,
2,43.182,0.013455657358590214,0.0014718881795472458,0.00021145011409607183,
3,43.284,0.013175967835328269,-0.0015992275996317194,0.0005755863698461515,end
3,50.051,0.010516549693122063,-0.013160524896781397,-0.003066399172297855,start
3,50.151,0.012246328599168639,-0.015415659406644472,-0.004370587333882932,
3,50.252,0.013483086091862422,-0.014449355239140392,-0.004855926004605259,
3,50.353,0.014455014498657059,-0.012244717608028654,-0.004801641818917247,
3,50.454,0.015157984738665678,-0.010513098935201819,-0.004556354488091729,
3,50.555,0.015547861206535014,-0.009069729446348236,-0.004162704065874364,
3,50.657,0.015621489370615652,-0.006640768349239154,-0.0036389250858817994,
3,50.758,0.01559503785804601,-0.0030282139939254394,-0.0030737649341350593,
3,50.858,0.01548549378127643,0.0006431213198657362,-0.002506434924717946,
3,50.96,0.015008979029953741,0.003156386220201027,-0.002025351360122514,
3,51.062,0.014289819440857577,0.004703990357436262,-0.0016382291939442799,
3,51.161,0.013514874294038226,0.0062580567079793805,-0.0013004056766071656,
3,51.262,0.012703311266958964,0.00814009077154151,-0.0011264947125010794,
3,51.364,0.012147276694785575,0.009544980213285323,-0.0010506489351490953,
3,51.464,0.012101241806921069,0.00941984147789918,-0.0008334778576577223,
3,51.565,0.012364962891685068,0.007899339412403011,-0.00041342097014089726,
3,51.666,0.012546775386164574,0.006335149500554084,6.445512562926063e-05,
3,51.767,0.012405569829718592,0.00591665446589008,0.00036926899979016766,
3,51.868,0.011942352173298637,0.006589050943584119,0.0005350971895472837,
3,51.969,0.011457042198076342,0.0076301649588785235,0.0006615588979369553,
3,52.071,0.011315523887907488,0.008095036864296553,0.0008402439595701278,
3,52.172,0.01147246450897629,0.007508031865265739,0.0011467296242068845,
3,52.273,0.011510271915301613,0.006868414340176156,0.0012722051668678613,
3,52.373,0.011212755627865095,0.007164801018308379,0.0010752180263979764,
3,52.475,0.01076614198961211,0.007438295003483185,0.0008379675743601341,
3,52.575,0.01040700131461506,0.006157380708362965,0.0007236460517266324,
3,52.676,0.0102590000804322,0.0035793455700137075,0.0007604427844778819,
3,52.777,0.010300365405397586,0.0010214608436143104,0.0008281096800911853,
3,52.878,0.010417795742080264,-0.0004837770164974032,0.0007418892762223405,
3,52.979,0.010448389398068716,-0.00019048757868657368,0.0005008056459871788,
3,53.081,0.010273613762355069,0.0016147968827377613,0.0002218298325209188,
3,53.181,0.009939102044996252,0.0036033237641691428,6.715040947246782e-05,
3,53.282,0.009486953327934675,0.004673326069390407,8.873960614136764e-05,
3,53.383,0.009058774365793689,0.0046616700445009365,0.0002637071207387736,
3,53.484,0.00897830826721278,0.0038941334010618085,0.0005860820629301084,
3,53.586,0.009491854156908052,0.002510683966616994,0.0009770994902788383,
3,53.689,0.01040820938327777,0.0007557249857832989,0.0012966040923631566,
3,53.787,0.011313001331048967,-0.0007109473436060096,0.0014183894156491058,
3,53.888,0.012007999366547898,-0.0011458203432014014,0.001340489984986575,
3,53.989,0.012386426647850793,-0.00015843423423451578,0.0010776866075096147,
3,54.09,0.012405232907894742,0.0023873779645402094,0.0006543129508399382,
3,54.191,0.01199909843116758,0.0061978731691083025,0.00022506212402818133,
3,54.292,0.011181298529537522,0.009871911329123018,-0.00011038107608333897,
3,54.393,0.01027383453674503,0.011603466547678635,-0.0003587132968736588,
3,54.494,0.009679706791471983,0.010558537727994177,-0.0004471023650540961,
3,54.597,0.00960767233537752,0.007175396187111225,-0.00023302457674639478,
3,54.696,0.010005962706538672,0.0028027719751703953,0.00024547339874864864,
3,54.797,0.010551218285655934,-0.0009523518329201575,0.0007464568042024431,
3,54.898,0.01099970919978105,-0.0031089401158219104,0.001070891576040672,
3,54.999,0.011455267375454556,-0.0035342672795308856,0.0012805701014477217,
3,55.1,0.011770100119947804,-0.002541673191911525,0.0014453730408145915,
3,55.201,0.011776600318625386,-0.0010419108342413315,0.0014384630473723724,
3,55.302,0.01181967775351044,-0.00036438253142718373,0.0014061048090205663,
3,55.404,0.012033477462815762,-0.001208019387339053,0.0015107487161846321,
3,55.505,0.01223093342979029,-0.0029139178768995233,0.0015651600367543755,
3,55.605,0.012377508531234609,-0.004180517575779227,0.001474322096150994,
3,55.706,0.012458644974695133,-0.0046149552873937785,0.0013396881472427116,
3,55.807,0.01242820050907505,-0.0046490347529628715,0.0012298436747776688,
3,55.908,0.012202451657696314,-0.004188757148030974,0.0010816284042241486,
3,56.009,0.011743391717521867,-0.0025756016427840376,0.0008996793579043585,
3,56.11,0.011062913761347132,0.00039747813763841514,0.0007527742019348383,
3,56.211,0.010144370203055766,0.003814628390111693,0.0005980833962661414,
3,56.312,0.009297656656169733,0.006106384845121769,0.0004718573514253954,
3,56.413,0.00892606730793478,0.00625141970344889,0.0004581524048856536,
4,56.514,0.009123899626319222,0.004089635574224568,0.0005808077573266539,end
4,64.392,0.01754825959923055,-0.006254772566254811,-0.0018301012148892839,start
4,64.493,0.017558465113544797,-0.004238019916120651,-0.0014623148330213994,
4,64.594,0.017055316736081065,-0.0020958624508331594,-0.0010879304066490284,
4,64.695,0.016049529980822215,0.0007257825383965495,-0.0008235149164255805,
4,64.797,0.014654954902549332,0.004573258974719748,-0.0008226248027925847,
4,64.9,0.013123060879747347,0.008622354125672306,-0.001078448814157298,
4,64.999,0.011836472003715712,0.011812995502853387,-0.001285579126181608,
4,65.099,0.010810566099771443,0.014088089498492997,-0.0013782412018813286,
4,65.2,0.00988704543546401,0.01546353687921538,-0.001411076284033301,
4,65.301,0.009166473068217492,0.015769432338671705,-0.001297747219830169,
4,65.401,0.008676010478981937,0.015259639130851708,-0.0010787484204164573,
4,65.503,0.008481191172429457,0.01392414575821953,-0.0008726648593021852,
4,65.604,0.00898236284491998,0.01118140952167954,-0.0006037896986198842,
4,65.705,0.010120992310282616,0.0070904797853337575,-0.00018655000557846852,
4,65.807,0.01155244980459192,0.0027614653497390206,0.0002677887395732571,
4,65.907,0.013228474287509956,-0.00047164176141458223,0.0006638547034039117,
4,66.008,0.014909185292491405,-0.0020796759223663352,0.0008855737229576541,
4,66.109,0.016117879443165204,-0.002474225593196599,0.0007638458842287653,
4,66.21,0.01662529833798614,-0.002290153342413264,0.00036502773118175184,
4,66.311,0.016575591589972967,-0.002177403635312164,1.3322191598526533e-05,
4,66.412,0.016302257285173802,-0.002592657478508852,-0.00010815865873935842,
4,66.513,0.016100243463623386,-0.003484943650298225,-3.0163070748115756e-05,
4,66.613,0.01583050689743691,-0.004204890611616475,6.0839917414750834e-05,
4,66.715,0.015156937386240575,-0.003922232090721873,-6.094308435707527e-05,
4,66.816,0.01417332290935576,-0.002570591246274245,-0.00028487699809585595,
5,66.917,0.013665763225074876,-0.0009398816591023431,-0.00025488823531092796,end
5,74.189,-0.011249480768556317,0.005916386809519417,0.006757866622365469,start
5,74.29,-0.0155013302189454,0.007754541463988421,0.007343454279604934,
5,74.391,-0.0165062765160582,0.008804730018911093,0.006936310247350057,
5,74.492,-0.014878387722134678,0.008665799361012153,0.005970751219924774,
5,74.593,-0.011780330249602365,0.007281151643691156,0.004724618576158969,
5,74.695,-0.007841036758209064,0.005145701165747829,0.0035704009801685783,
5,74.795,-0.003272068146645847,0.0028965619910999215,0.002697548253094803,
5,74.896,0.0013792702152222302,0.0008393145379122549,0.001987638385567945,
5,74.998,0.0055800857124292625,-0.0009541335137211311,0.0014567877318745876,
5,75.099,0.00906335620222893,-0.002241533052376088,0.0011465158050451047,
5,75.199,0.01171897470598537,-0.00261022714108458,0.0009395438483599774,
5,75.3,0.013525286050483353,-0.0017606989434875557,0.000815450260278823,
5,75.401,0.014431473185504005,4.024663043417781e-05,0.0008175734626638464,
5,75.502,0.014456223360699792,0.001900104818093705,0.0009215066847830092,
5,75.602,0.014169554542149488,0.0027930669699593185,0.001170016817566275,
5,75.704,0.014431763939427682,0.002054778232144336,0.001452730601061701,
6,75.804,0.015582261193737785,-0.00016464088637891094,0.0015839456042824674,end
6,83.381,-0.009627102150535177,0.006890996012547267,0.007164655857087063,start
6,83.481,-0.0035479264299012416,0.004905153479655479,0.005343483947037135,
6,83.582,0.002160745197396596,0.0022525187552475206,0.0036410557192868794,
6,83.683,0.006934841917164002,-0.0005936375840010568,0.002235670893547612,
6,83.784,0.010873246622579194,-0.003075882283775862,0.0012598822468445792,
6,83.884,0.01434486622286737,-0.005423267108836067,0.0007221292556851761,
6,83.986,0.01747307422807478,-0.007965283739908909,0.0005751096278071976,
6,84.087,0.020238396363605363,-0.01021410106110826,0.0007360657501843437,
6,84.188,0.02257336964685509,-0.011666583830715624,0.0010605811798514253,
6,84.288,0.024209912571507817,-0.01182916882708333,0.0015305251370472679,
6,84.39,0.024814875050548465,-0.010639654440170905,0.0021190814326187877,
6,84.491,0.024471278912984434,-0.008787188308022997,0.0026663249980884017,
6,84.592,0.02350486301259458,-0.006788044788490898,0.0030554803967595633,
6,84.693,0.02200281851371606,-0.0048764588726726565,0.003290952254736012,
6,84.794,0.020148219508456442,-0.0033463476941328306,0.003387911416659846,
6,84.895,0.018258557989948045,-0.002485262988106963,0.0033707201400561154,
7,84.996,0.016733061099079363,-0.002315219824648047,0.003477991017130174,end
7,93.985,-0.04842463593752957,0.019534744835926272,-0.015734590012142544,start
7,94.087,-0.03590229758911368,0.01349639097857322,-0.004375631807959106,
7,94.187,-0.02755623862062327,0.010761773843758222,0.0021042443415955014,
7,94.288,-0.021381360599581598,0.010043215414007874,0.005127149294703007,
7,94.389,-0.015892735619889853,0.009735987733402049,0.005756678995247634,
7,94.49,-0.01076989467606622,0.009741784784473035,0.004821672747212514,
7,94.591,-0.005504513514403426,0.009968906282710216,0.003277335228465061,
7,94.692,4.62164393869903e-05,0.010000755122121629,0.001788743327492775,
7,94.793,0.0053971396783664485,0.009841713260199881,0.0003713627005586513,
7,94.894,0.009913146908787904,0.0095695145282494,-0.0012510250612828833,
7,94.994,0.012654590841632264,0.009095885163013549,-0.0031094114105428765,
7,95.095,0.013329634066452833,0.008299772474419214,-0.005011927709653453,
7,95.197,0.01279691467796504,0.00727666409405788,-0.006491968372786908,
7,95.298,0.011900436969388074,0.0061445938050907305,-0.007196583906869313,
7,95.399,0.010351950265338762,0.004644505606365774,-0.007494493895043943,
7,95.5,0.007289879315570436,0.00285714061543033,-0.008064958672846761,
7,95.6,0.0031174826035266713,0.00137613107543833,-0.008746873430787236,
7,95.702,-0.0006852307511385342,0.0008345048191634994,-0.008740939314942044,
7,95.803,-0.0032618463209487065,0.000725046468215958,-0.007908756034639683,
7,95.904,-0.00458923351760208,-0.0002761972330094432,-0.006743201462004425,
7,96.005,-0.0053733342546198395,-0.002368346127471358,-0.006954195779038681,
7,96.107,-0.00717963815094815,-0.003516386385997801,-0.01277714430252043,
7,96.207,-0.011508416671656254,-0.0005876740376563492,-0.02761679581065731,
7,96.308,-0.01800457579269143,0.006988266187715424,-0.047776286438149775,
7,96.411,-0.023931793340432113,0.01678538768435939,-0.06476130188676284,
7,96.51,-0.02730391845196775,0.02556907729342976,-0.0740239755698649,
7,96.61,-0.028573650144603713,0.03173179632214467,-0.07598793053485585,
7,96.712,-0.028031970161823124,0.03520671883464556,-0.07212810612240673,
7,96.813,-0.025541319119484894,0.03582690068581893,-0.06411418153141162,
7,96.915,-0.02182901989352554,0.033945946956221294,-0.05371876823072427,
7,97.016,-0.01773659283198341,0.030398171879523126,-0.04246283301533515,
7,97.116,-0.013771191535796323,0.026024320920937306,-0.03145056752847783,
7,97.217,-0.010226844076191741,0.02159821902328097,-0.021325004234893325,
7,97.317,-0.007023452124229626,0.017557263748943015,-0.012578045104898048,
7,97.419,-0.004082254357043984,0.013961759274428836,-0.005354835633009043,
7,97.522,-0.0016751845493261448,0.011028414892002592,0.00037043777173164977,
7,97.62,8.72917537866681e-05,0.009074367590428444,0.004608477578669369,
7,97.721,0.0013368337002016917,0.008031556870454934,0.007618820381587285,
7,97.823,0.0021815608370137456,0.007593847975523452,0.009494790306576928,
7,97.924,0.0026812734747971743,0.007260410760635383,0.010212108599230649,
7,98.025,0.0028529679243941355,0.006701660536917048,0.009872819000020468,
7,98.125,0.003031838358525353,0.006151953273182038,0.008820034858736022,
7,98.228,0.003523421025764511,0.005736330618419007,0.00762556745419996,
7,98.328,0.00437236330525928,0.00531039902472796,0.006499280726735671,
7,98.432,0.00559611797007186,0.004891041085566835,0.005317919032540654,
7,98.53,0.006958445476973911,0.004506082436487075,0.004112012793842203,
7,98.63,0.008384331408880388,0.0042582358910698915,0.0031589947155361226,
7,98.731,0.009845095745459507,0.00427246595107471,0.002595450056888097,
7,98.834,0.01091293841794113,0.004369511090113012,0.0022603673062801966,
7,98.935,0.011513303961820097,0.004231457152267946,0.001990065844547363,
7,99.035,0.011975935399889786,0.003505045717582371,0.001614776204436965,
7,99.139,0.01256894629559002,0.0020320100010895884,0.0010761130433536788,
7,99.238,0.013201442847104852,0.00034567847091288365,0.00040934373778093276,
7,99.338,0.01319153624385913,-0.0009984713702016741,-0.00046128318074006923,
7,99.439,0.012405877532856406,-0.0017347655650306608,-0.001329620264455494,
7,99.539,0.011417147462424344,-0.0017872125721225135,-0.0019339457650681684,
7,99.641,0.010398636624320723,-0.0016983078183184547,-0.0023414307222371926,
8,99.743,0.00919047133217386,-0.0016135191354351142,-0.0027581870265985997,end
8,108.228,0.00953380993409502,-0.0040601747725456504,-0.0018469362508264592,start
8,108.326,0.008515975581710206,-0.0013715432157468438,-0.0021438264497214967,
8,108.428,0.008076401537528317,0.000845063314467079,-0.002417896657636426,
8,108.528,0.008127133141251902,0.0028577796654878445,-0.0025711892155800306,
8,108.631,0.008617940296976555,0.004259068286350592,-0.0027223365335280144,
8,108.73,0.009589916527423277,0.004899766202127119,-0.002684705384155139,
8,108.832,0.010922101784157133,0.005106344873722378,-0.0023117009854658854,
8,108.932,0.012227564632671335,0.005080999074159812,-0.0018201681345436055,
8,109.034,0.013151631241161353,0.004929975525378144,-0.00137973362769994,
8,109.135,0.013564068844799122,0.004819142068124052,-0.001049515253732682,
8,109.237,0.013573177356117645,0.004767524683019362,-0.000732386746431568,
8,109.338,0.013428034671676775,0.004758032220123523,-0.0003439732200284571,
8,109.438,0.013237685062428048,0.004902506710718422,-2.5168545301682417e-05,
8,109.54,0.012949508360618622,0.005025460542974448,3.410044088793146e-05,
8,109.639,0.01249204761875826,0.00493194829117453,-0.00014093922252754045,
8,109.74,0.011703380270739784,0.004836810062350095,-0.00034703530035984663,
8,109.842,0.010702555681366339,0.005007657225917672,-0.00043030553842334873,
8,109.943,0.009821323850304556,0.00540196874808622,-0.00036501809499543957,
8,110.045,0.009259340641215431,0.005609980344680416,-0.00020969772042520995,
8,110.145,0.009224165558409507,0.005082407245422607,3.295049203797718e-05,
8,110.245,0.009659378129815049,0.004016786079032552,0.0004418064926029916,
8,110.346,0.01012646344188901,0.003354176409005406,0.0010330767603472962,
8,110.449,0.010211926116788329,0.0033012112368242023,0.0016272409489175943,
8,110.548,0.00989504504659955,0.003471742158216375,0.0021755298916437795,
8,110.65,0.00945423781489551,0.003792944554873035,0.0026748871855811337,
9,110.752,0.009204210892173407,0.0043777635030107735,0.00301862198602837,end
1,16.014,0.013220759262422383,0.007402753973573137,0.0040292344054085666,start
1,16.115,0.014413388038649104,0.006799097249260107,0.003288315108082653,
1,16.216,0.014423503956691447,0.004645933486568671,0.002717213649451403,
1,16.318,0.013229239303093186,0.0011181391521613304,0.0022588411778511133,
1,16.419,0.011295388978225209,-0.0016373401416133319,0.0018254652581591677,
1,16.519,0.00900049463516898,-0.002372199227572331,0.0013377792473742319,
1,16.619,0.006679432215071215,-0.0015838466508635504,0.0007703138769208313,
1,16.72,0.0048680510671933784,-0.00039717667882808105,0.00017623709811956994,
1,16.821,0.003935673496862209,0.0003502347996244997,-0.00036615145262934253,
1,16.923,0.0038767963134687033,0.0006717600108637312,-0.0006600625101984825,
1,17.024,0.004424932257198732,0.0005260631662573515,-0.0005151210290906794,
1,17.124,0.005321848554023087,-0.0001424319026775798,-4.077590314786483e-05,
1,17.226,0.00647906474000317,-0.0012642771119390156,0.0006277582220186343,
1,17.326,0.007794386482404565,-0.0033543980914111666,0.0014337290618552823,
1,17.428,0.009168538870759288,-0.005855555068077908,0.0020913435035402775,
1,17.528,0.010277245495668627,-0.007140002897142382,0.0024292256777105766,
1,17.629,0.010912824109189284,-0.006534933450912021,0.0026856277926678904,
1,17.73,0.011491845840227737,-0.004272392113398737,0.00295680509019772,
1,17.831,0.012138803874532388,-0.0013844666316689576,0.002980824890434808,
2,17.932,0.012588079321448533,0.0004317090570647084,0.0028023377534477185,end
2,25.507,0.020608838979778107,0.0016500329640557546,0.0014517165321946985,start
2,25.609,0.021669397678030156,0.0012120648535122113,0.0017771495464492945,
2,25.709,0.022038935974084545,0.0011948404456289224,0.0016748519247527102,
2,25.81,0.021809413474169998,0.0016416308245828343,0.0015167590363323053,
2,25.911,0.021343813464426306,0.0019855838945756015,0.0014617694242990112,
2,26.012,0.020890395548894197,0.001657591748267776,0.0014352602606009035,
2,26.113,0.020116673581089203,0.0013105681880759524,0.0013029591417167705,
2,26.214,0.018838643401614428,0.0020483050100233834,0.0010293113916458678,
2,26.316,0.01708396274071282,0.003313828153605425,0.0006869938334660666,
2,26.417,0.015034848417106044,0.004237824601581184,0.00037019684535465416,
2,26.517,0.013452240254810802,0.005467945204564117,0.0003300658851609192,
2,26.618,0.013172265064602002,0.007226719808558252,0.0007510156496582256,
2,26.72,0.014114768599077046,0.008117675619842458,0.0014548951453251828,
2,26.821,0.01566043991556389,0.007290361092759687,0.002322244276278965,
2,26.921,0.017577446153119194,0.0058340964723159845,0.0035227004764552435,
2,27.024,0.019683765121398595,0.0050518676609535434,0.004777264851251475,
2,27.124,0.021332182806209375,0.004677141687650761,0.005411925137926355,
3,27.224,0.022232022513063797,0.00365447543247462,0.005342144302647609,end
3,36.011,0.0021905369614357343,0.02361536291794706,-0.02190549666891055,start
3,36.113,-0.020264898210627418,0.01849295607225184,-0.010066026487125136,
3,36.214,-0.03448993299590511,0.013785183128276772,-0.0026455837085065134,
3,36.315,-0.041094860218661176,0.010937835338310005,0.0018142971328166924,
3,36.416,-0.041773767826004615,0.010006645792632607,0.004294050827546277,
3,36.517,-0.03881479756925927,0.009460828326893427,0.00551845745234273,
3,36.618,-0.03393212829300321,0.007877543207556808,0.005625566758735346,
3,36.718,-0.027927516736659184,0.0046869787836462925,0.005007491250079622,
3,36.819,-0.0215525190846862,0.0004870434202207855,0.004184282002849411,
3,36.921,-0.01579210460222652,-0.0027820143756552805,0.003057286985164357,
3,37.022,-0.010783451764015801,-0.0035615157097860987,0.0016998064006431737,
3,37.124,-0.006319299607975058,-0.0027448098908067833,0.0005839713418143096,
3,37.224,-0.002671646065386445,-0.0025788736849607693,-0.0001365211266535967,
3,37.325,-0.00010006923448989269,-0.003467566921427598,-0.0006927991208822304,
3,37.426,0.001616842974486883,-0.004617746131335344,-0.0010990701722325131,
3,37.526,0.003250585080374544,-0.005881789188279655,-0.0011206166564754476,
3,37.627,0.005215007408271239,-0.006903496322517902,-0.0007009020745094327,
3,37.728,0.007317828163178563,-0.007200479681467923,-1.437511187554508e-05,
3,37.83,0.009470176806338184,-0.007117464095745746,0.0007881212936314267,
3,37.93,0.011611077334287864,-0.007095347257700711,0.001625064024768081,
3,38.031,0.013442956928210542,-0.006875710466614071,0.002287171736553317,
3,38.132,0.014649067557403838,-0.0059020797623961846,0.0025280791114932234,
3,38.233,0.015034470070232415,-0.0041585473395987045,0.0024164023253389995,
3,38.334,0.014476976512741295,-0.002383780447176392,0.00225581653796683,
3,38.436,0.013208816530771186,-0.0014396065738206992,0.0020977945509661473,
3,38.536,0.011758500444911642,-0.0019171919481893289,0.0018068925559350654,
3,38.638,0.010717976573353175,-0.003976310841221065,0.0014331056765762274,
3,38.739,0.01047603435551441,-0.0067371137803908555,0.0011203130482916495,
3,38.84,0.010895392481549956,-0.008804288157109496,0.0009348606452606204,
3,38.943,0.011575495394085769,-0.00974176864980283,0.0008670073764105135,
3,39.041,0.012301593392573399,-0.010114256150830683,0.0009886888458866645,
3,39.143,0.013086490657517323,-0.010462508213733162,0.0012887525798238341,
3,39.243,0.013891613118647804,-0.010917964514377555,0.0015283929275802116,
3,39.345,0.014708122519332569,-0.011254864069036388,0.0016013680401102764,
3,39.445,0.015655623185239626,-0.010889272104350846,0.0015615898042390967,
3,39.546,0.016632050542824753,-0.009737963703421648,0.001494755060836896,
3,39.648,0.01738034027842239,-0.008108624485346853,0.0014790304047676399,
3,39.748,0.017708383173111686,-0.005960079491138032,0.0014973484978844658,
3,39.849,0.01741806810286247,-0.0032690734012016144,0.0014939659022322187,
3,39.95,0.01630582352237752,-0.00038324313562687314,0.0015189997745584346,
3,40.051,0.014457840918474189,0.0020346726983286453,0.001623341288407025,
3,40.154,0.012437170409616187,0.003421954434913535,0.0017491335138225018,
3,40.254,0.010766016431248998,0.0036932818260520597,0.001878577861101212,
3,40.354,0.00973018647697711,0.0031850310101240063,0.0019579032872903477,
3,40.456,0.00935678958770847,0.0022807198135118964,0.0018725248727903582,
3,40.556,0.009245454958763305,0.0014333953126703354,0.0015832158841860536,
3,40.657,0.009055258036352383,0.0010587347242936819,0.001207388152178223,
3,40.758,0.008871824340497573,0.0010383468966348132,0.0008903880388965721,
3,40.86,0.008854682872949741,0.0007736071208687956,0.0006576140772395758,
3,40.96,0.009096294182440057,8.87762200506127e-06,0.0005185894769734979,
3,41.061,0.009827957947346278,-0.0007381762118047667,0.0004929220037829039,
3,41.164,0.011155145753177402,-0.0010738750813260676,0.0006471745115738837,
3,41.264,0.012820749980814372,-0.0012484756753204929,0.000925458589120661,
3,41.364,0.014422375588054346,-0.0015616095957029696,0.0011347474738259598,
3,41.466,0.015686054268522074,-0.0019980254912383834,0.0011988482798090353,
3,41.566,0.016589411981663204,-0.0025205121737578817,0.0011436517972792878,
3,41.668,0.017101477221967698,-0.0031473627457356186,0.0010584404422990144,
3,41.769,0.0171041275298672,-0.003748727679493155,0.0010028868283544132,
3,41.87,0.01673428316793263,-0.0041522397082598755,0.0010128795688646595,
3,41.97,0.016305973621882276,-0.004203656484081041,0.0010641078131759661,
3,42.071,0.015941173891083987,-0.0037727509253994715,0.001032510912848654,
3,42.172,0.015579812941129097,-0.0030460920798410416,0.0010169312292730565,
3,42.276,0.015354843090984602,-0.0025912254118755328,0.0011846310006678625,
3,42.374,0.015473774670150828,-0.0026907245262417544,0.0014108377181294351,
3,42.478,0.015807218982959354,-0.003032617623211247,0.0015897970243828794,
3,42.576,0.01607969941285574,-0.00313445812086198,0.0017451089613529588,
3,42.677,0.016157993341838348,-0.0026640499157974196,0.0018307153735582576,
3,42.779,0.01599679437266811,-0.0016295696727171433,0.0017806139758062038,
3,42.88,0.01556875842878759,-0.0002743618375659092,0.00162646973291828,
3,42.981,0.014856753031437906,0.0009638588736561778,0.0015021053969512409,
3,43.081,0.013851571237150046,0.001575407254612269,0.0014909560727351398,
3,43.184,0.012588386076286234,0.0015816813981644367,0.0015533130342528115,
3,43.283,0.011257700888348795,0.001328950670908277,0.0015947102608523213,
3,43.385,0.010183409472237094,0.0009759772167510015,0.0015352143417297073,
3,43.486,0.009447488358457557,0.0006922247713669631,0.0013737274591147598,
3,43.586,0.008861513142097812,0.0003880319292927987,0.0011808325668241832,
3,43.687,0.008334654370646042,-0.00016071375184282573,0.0009622587625315502,
3,43.788,0.00795112816500749,-0.0007135596672498341,0.0007447745389882307,
3,43.893,0.00790065102125844,-0.0009021440620750272,0.0006506166365909382,
3,43.99,0.008299174172947956,-0.0005405111986356311,0.0006851807927193039,
3,44.096,0.00901674336385645,0.00020804688338751554,0.0007995243807332582,
3,44.193,0.009905824864993088,0.001099058076016319,0.0009558490137803621,
3,44.294,0.010858019514653932,0.002202640245907097,0.0010424151506655233,
3,44.394,0.011686568572748449,0.003420499524674649,0.001014193657538571,
3,44.496,0.012239564410059942,0.004529690745625557,0.0009987450765608253,
3,44.596,0.012445222187748906,0.00548008236947415,0.0010978857166254853,
3,44.697,0.012306436709158087,0.006038461656908536,0.0012204915165065003,
3,44.798,0.011873766131430336,0.006128811469585223,0.0012852036306134052,
3,44.899,0.011350463572600339,0.006167611968906518,0.0012865557408904672,
3,45.0,0.011021385272038173,0.006317453017044144,0.001205100693082761,
3,45.101,0.01092743400243644,0.006417811377033878,0.0010981119643225308,
3,45.202,0.011121521962522161,0.006523939515365373,0.0010464356987307803,
3,45.303,0.011698570288698846,0.006796997687564361,0.0009502604948428639,
4,45.405,0.01245384329351314,0.007151675776822225,0.0007070844081165786,end
4,48.737,0.0099862111922708,0.006848122780269029,0.0018067167644500734,start
4,48.839,0.01061237751896731,0.008458212055837825,0.0030872694751679862,
4,48.94,0.01161610277080373,0.008001664657498641,0.0038112668471007526,
4,49.04,0.012542989114646895,0.006578831868594312,0.00401149391620439,
4,49.141,0.013237473252813504,0.004948514268274287,0.0038176526598237975,
4,49.242,0.013664021809904213,0.003463313781111596,0.0033025220110928827,
4,49.343,0.013842400845082531,0.00227462067990468,0.0026016828937050506,
4,49.444,0.01374212991400028,0.0013715848791067049,0.0019011339508144694,
4,49.545,0.013260888997148399,0.0008960550381521547,0.0013622048900399188,
4,49.646,0.012426753384329369,0.0010553869462612499,0.001096412534035784,
4,49.747,0.01143329721724894,0.001693213734714348,0.0010692113464126026,
4,49.848,0.010396437089912135,0.002478023651659229,0.0011341223834608804,
4,49.949,0.00935194057609627,0.0029961122004085734,0.0012108327066540758,
4,50.051,0.008470579480291403,0.002810789546988245,0.0013099793655499726,
4,50.151,0.007869804580257185,0.0019543716753886776,0.001394519557238239,
4,50.252,0.007560340149910838,0.00041386568053204697,0.0013577442062259876,
4,50.353,0.007714943501349678,-0.0018272000435230029,0.0011830234828691124,
4,50.454,0.00823888262085633,-0.004123720537716111,0.0009759297059036234,
4,50.557,0.00872626219616626,-0.005696465391065059,0.0007436787300914864,
4,50.656,0.008874129888215088,-0.006166911137827234,0.00042982566615083935,
4,50.758,0.008599585918399953,-0.005699816651851669,0.00015194363446241883,
4,50.859,0.008247937865640697,-0.004816171371548802,0.00013327262626503127,
4,50.959,0.008236124575865188,-0.00420254961918826,0.0004120396293689547,
4,51.06,0.008632495097630697,-0.004281100175997853,0.0007294819240039141,
4,51.161,0.00925881311838826,-0.004607985008556196,0.0009375659730194325,
4,51.263,0.009940231523738302,-0.0045561191736531335,0.0010798280821484342,
4,51.363,0.01068987815924127,-0.004135814861752435,0.0011474155298803643,
4,51.464,0.011556259289903927,-0.003597101471480693,0.0011616807349899454,
4,51.565,0.012406877621482862,-0.0030257229484803557,0.0011406016644647475,
4,51.666,0.013133485630973454,-0.0024372329048982424,0.0010564853406388429,
4,51.768,0.013743219743790369,-0.0018429813014998802,0.0008545723280243462,
4,51.868,0.014183446839861126,-0.0012717415503657999,0.0005933305992552304,
4,51.97,0.014500626634462171,-0.000740118901823681,0.00042018101588049624,
4,52.07,0.01469588365925471,-0.00016795036620093152,0.0002753766684888056,
4,52.171,0.014520348180632832,0.0006015809864677078,7.625921141274972e-05,
5,52.272,0.013798626546733547,0.0016496898884550892,-5.7571242418852416e-05,end
5,58.433,0.012822604265078847,0.010855988181586649,-0.0002693045015767382,start
5,58.534,0.01267627751716058,0.012992951066864338,-0.0004108296213239272,
5,58.635,0.012629684766932615,0.01334426321575253,-0.00021271338526563968,
5,58.736,0.012696367237478863,0.011729946267182299,0.0002749472070488732,
5,58.837,0.012896941073617298,0.009131872502035352,0.0006953143328713025,
5,58.938,0.013121705841298749,0.006476118738391468,0.0009300916790886227,
5,59.039,0.013343929368151148,0.004445384406822309,0.0010269802576273305,
5,59.14,0.013613270043237936,0.0032134921412736088,0.0010276502679673401,
5,59.243,0.013803562091363136,0.0024211454158023712,0.0010717127835461972,
5,59.342,0.013693020389774659,0.0021005413617029033,0.0012452217108611047,
5,59.443,0.013146043682856517,0.0025779433734638545,0.0014667814693366552,
5,59.544,0.012212375279438449,0.003658489162422051,0.0015751725323551282,
5,59.646,0.011123232419861316,0.004635959174127778,0.0015602127466350065,
5,59.746,0.010256719367664735,0.005020131134172862,0.0015514684806917118,
5,59.849,0.00979538674811025,0.0048842671478735045,0.0015474130050752316,
5,59.948,0.009609946417563808,0.0044257917319563645,0.001504627980266597,
5,60.049,0.00957428459222849,0.0039059013617120937,0.0014194095174522928,
5,60.15,0.009721673284432387,0.0034549859717417524,0.0012717596955968055,
5,60.252,0.01012184022233044,0.0025902969818110385,0.0011379931494657452,
5,60.352,0.01065198008128986,0.0006498897739920256,0.001129032849551812,
5,60.453,0.011159796549011374,-0.0018210461296541789,0.001158774537046114,
5,60.554,0.01165456372286194,-0.003662592713448484,0.0011688860484835373,
5,60.655,0.01210121535193136,-0.004440781229128692,0.001228689177308007,
5,60.756,0.012333908171894711,-0.003380843770156239,0.0012524641552640811,
5,60.857,0.01213377368604502,-0.0002211749851373469,0.0011040037382826513,
5,60.958,0.011370674303643786,0.003428436713422957,0.0007728812201998024,
6,61.059,0.010136063715952359,0.005984431793857727,0.0004143020546554167,end
6,65.304,0.01602470287941411,0.0010938907215596852,-0.0012207513468624439,start
6,65.402,0.013121401650331996,0.00169920356080202,-0.001186159800288151,
6,65.503,0.010142183563666038,0.0026589711011715087,-0.0010055923814260195,
6,65.604,0.007420205949599931,0.003747936008562386,-0.0007038462158035088,
6,65.705,0.005383323728630283,0.0047236200599855924,-0.00034862218877352474,
6,65.807,0.004075645800190869,0.005288885750338765,3.339482219266196e-05,
6,65.909,0.003228527788559614,0.005587581746048788,0.0004019068054835589,
6,66.008,0.0026361810460224957,0.005842041541812418,0.0007742159774797607,
6,66.113,0.0022337862622177226,0.0058549022766163205,0.0012031766024304827,
6,66.21,0.002094204690213029,0.0054138372088459105,0.0016760733341698868,
6,66.311,0.0023096522737531227,0.004482229441240316,0.0021181278725852723,
6,66.413,0.0027354907019364965,0.0031811579200781057,0.002441796197582086,
6,66.513,0.003065762868399889,0.0017897123347318349,0.0026214734428709643,
6,66.617,0.003413367815496827,0.0004310535944948444,0.002694367692519761,
6,66.716,0.004066644044872963,-0.0007939262830347221,0.0027139519074621237,
6,66.816,0.005080806009428833,-0.0018137328903655523,0.0027818973868142223,
6,66.918,0.006437737923090706,-0.0026655944207038583,0.0028964323931154863,
6,67.018,0.00779683736740745,-0.003320279880269695,0.002926490414384041,
6,67.12,0.008662572857555317,-0.003711788008966812,0.0027106730653066566,
6,67.22,0.008882955655609528,-0.0037733630322779126,0.0022072817654835153,
7,67.321,0.0085420436828388,-0.003635914458881314,0.0016650498922221996,end
7,72.573,0.0071280045735530005,0.005168179960012497,0.00044578819989205237,start
7,72.674,0.008525256218424508,0.0042096666922345595,0.00036428966678630484,
7,72.775,0.010064996397836912,0.00251013621439078,0.0009031777185716907,
7,72.877,0.011744184376893313,0.000363220911907456,0.001537275485855438,
7,72.977,0.013377912432592455,-0.0017474322293311972,0.001967679160630792,
7,73.078,0.014914335419141871,-0.003086913094161031,0.0021277112423267346,
7,73.179,0.016328019225646678,-0.003224805637609242,0.002122515406997946,
7,73.28,0.017398693988326816,-0.0019605583660532184,0.0020327990436352045,
7,73.381,0.017690165209676097,0.0007218139834941818,0.0018540200332332162,
7,73.483,0.016838056237434184,0.003926463556619387,0.001762175210025113,
7,73.583,0.014959926733504261,0.006521614961054399,0.0018841879413324348,
7,73.684,0.012767420498802438,0.007725209150169385,0.002130051630468351,
7,73.785,0.011040149076711855,0.007385814141296073,0.002284872273295842,
7,73.886,0.010047957136721816,0.006322439593926698,0.0020954587739746506,
7,73.987,0.009691040771888764,0.005458523624148926,0.0015953301641399912,
7,74.091,0.00977023170159622,0.004767395621061132,0.001062288510513283,
7,74.19,0.010122759033852612,0.0036817727851550814,0.0006561153633844762,
7,74.29,0.010730932811883474,0.0023427217090844247,0.0002798138182592682,
7,74.391,0.011373589329452954,0.0015060328083001302,-0.00017328743043594882,
7,74.492,0.011625698102367235,0.001489889427921439,-0.000492026336407173,
7,74.593,0.011393257987042408,0.001854082274069078,-0.0004255800812405542,
7,74.694,0.010826661913735519,0.0018545880627559015,-1.2276332079625546e-05,
7,74.795,0.010196427283288748,0.001278291529114627,0.000443064124537117,
7,74.896,0.009744256906147525,0.000592175555653127,0.000636410797886349,
7,74.997,0.009421581472424001,0.00014662501061550148,0.0005831013939735722,
7,75.098,0.009165816952131079,-0.0003857573836476354,0.0005020687719564914,
7,75.199,0.009187330019443352,-0.001547978099987947,0.0005780154623597169,
7,75.3,0.009749488962990367,-0.003297692853511738,0.0007906025181171409,
7,75.401,0.0107639557637414,-0.005178480911077212,0.0009685899719421042,
7,75.503,0.011965984022698167,-0.006396357365591417,0.0009418385595384403,
7,75.603,0.013146174308565907,-0.006235967327996059,0.0006807703377643911,
7,75.705,0.014129919791525006,-0.005008216964637378,0.00043761394271864837,
7,75.806,0.014824522412415086,-0.003387329321851893,0.0003726976790488397,
7,75.906,0.015169221515837144,-0.0016269879538136993,0.00034318594104343006,
7,76.007,0.015237282127966212,0.0003582894331966541,0.00023359547392513234,
7,76.108,0.01523111413833586,0.0025421633968266354,8.14501723785466e-05,
7,76.209,0.01520237147653981,0.004443120451528926,-1.6403738865453045e-06,
8,76.311,0.015052798046832787,0.005838162631293346,8.294907097881044e-06,end
8,80.553,0.015095871136308833,-0.005973786542291503,0.025916779387999366,start
8,80.653,0.01765818732687558,-0.00728513737538092,0.02830611156411204,
8,80.755,0.01805123944144653,-0.0070677307878656585,0.027757371954906112,
8,80.855,0.017000424215975064,-0.006209797486880186,0.025582195360873607,
8,80.957,0.015472539764606868,-0.005034518605275642,0.022387916404677383,
8,81.058,0.014252155674924667,-0.003984972841286612,0.018582824348108734,
8,81.158,0.013327025094370374,-0.003314197571609361,0.01464960008678344,
8,81.259,0.012560418492394629,-0.0026843528174359276,0.01086604255665314,
8,81.36,0.011978096901663538,-0.0018754762987181113,0.007398295285859607,
8,81.461,0.011413527937195106,-0.0010167573337354612,0.004432700806359265,
8,81.562,0.010716417165335647,-0.00010742549324869563,0.0021535867715145275,
8,81.664,0.01015855183323806,0.0008910099336729993,0.00066608715690237,
8,81.764,0.01013790601377342,0.0019294780618325546,-0.00025730709131344305,
8,81.865,0.010551095518663463,0.0032747391724613885,-0.0009760758018021114,
8,81.966,0.010760666339505344,0.005202927355713619,-0.0012710174577034968,
8,82.067,0.01058445627382499,0.007286984927208985,-0.0007376515978473516,
8,82.168,0.010367767077568424,0.008683168098789834,0.00019997843009816928,
8,82.269,0.010167060381804913,0.008989724831292237,0.0010446493629265902,
8,82.371,0.009929633797367558,0.008334467026778978,0.00180390799910065,
8,82.471,0.009834948914081999,0.006964263150521803,0.0023387319877212227,
8,82.573,0.00996560551230458,0.005312199695156597,0.0023431397703384607,
9,82.675,0.009911315142259462,0.003612081142451693,0.0016634997740886928,end
9,90.551,0.012553160858782018,0.0045495832554876365,-0.005634682529614008,start
9,90.654,0.011788542382793404,0.0026546987514042856,-0.0029420283100040513,
9,90.754,0.011122284601369221,0.0011420255133652445,-0.0008315283059293419,
9,90.854,0.010635727150741599,-0.0001547216300685698,0.0008201874291592477,
9,90.954,0.01051732534918164,-0.0013385047688883871,0.002044973124033199,
9,91.056,0.010861875295518388,-0.0023512356629614333,0.00293961780805789,
9,91.158,0.011626385134515652,-0.0031483692979441817,0.0034875623883252613,
9,91.258,0.012511190960802873,-0.0037887605054458522,0.0036639757823522666,
9,91.359,0.013205777609882785,-0.004045836109481299,0.003587935179916992,
9,91.46,0.013592875630763234,-0.0034790917305146368,0.0033771226746662063,
9,91.561,0.013562387161614996,-0.0023839499655269867,0.003184439514185866,
9,91.662,0.013266528199100392,-0.0012727452261173905,0.003106492755752288,
9,91.763,0.013013522098456343,-0.0001143178899177196,0.0030417951359636036,
9,91.864,0.012871418356435868,0.0006798873182541084,0.002966255795641762,
9,91.965,0.012941550414260528,0.0007735978682321146,0.0028898314379254405,
9,92.066,0.013338457955953686,0.0005191784635795917,0.00271382265000493,
9,92.167,0.013958626210822372,-0.0001974616632211479,0.002316329411478865,
9,92.268,0.014500407585929829,-0.0011950400809928924,0.0017631510769585514,
9,92.369,0.014689006809547154,-0.0015846076505720325,0.001368380318453231,
9,92.47,0.014334493354059336,-0.0012129259875020644,0.0012366105202651296,
10,92.571,0.01325352884917137,-0.0005791661113064398,0.0012420398141191726,end
10,99.136,0.020066244563430192,-0.0002936962620548071,0.00017654411394375842,start
10,99.237,0.020226710803163392,-0.00011059096296455926,-1.1190536221372487e-06,
10,99.338,0.020331161126390454,-0.0010148032535100533,-0.00011497370194478563,
10,99.44,0.020261601983340385,-0.0017305214673838081,-0.00013669581773855178,
10,99.54,0.019830149304846424,-0.001388045249666031,4.963517934987307e-05,
10,99.641,0.01928888595174013,-0.0005836879671406271,0.00039649524873832775,
10,99.742,0.018871400879934025,-0.0003398964886862841,0.0006712276565863397,
10,99.843,0.01839508400202785,-0.001141198986944899,0.0007935056672977908,
10,99.944,0.017617851504305927,-0.0023556162408954664,0.0008292150512023677,
10,100.045,0.016433152613868234,-0.0028821560524648336,0.0008275661059513391,
10,100.146,0.014914045479447188,-0.002241710177033069,0.0008020898043181893,
10,100.248,0.013428687746487176,-0.0007956040061806042,0.0007844096417758392,
10,100.348,0.012357705439543544,0.0007951626953929617,0.0008152123561778312,
10,100.449,0.011743675422334518,0.0019443116634469473,0.0008746351495827117,
10,100.549,0.011366883359984599,0.002441001828980061,0.0009055773334669801,
10,100.652,0.011067356979595525,0.00232861173012085,0.0009578302443464322,
10,100.752,0.01084144705434502,0.0015962615719534116,0.0011913083839662213,
10,100.853,0.010382956556396976,0.0006968865184531183,0.0015678272064735422,
11,100.954,0.009493158302419893,0.0003655355721929801,0.0018971768656057902,end
11,108.125,-0.004904849061630416,0.07027452053671547,0.010803588381526563,start
11,108.227,-0.004806788868861231,0.05357307978739757,0.010981127713051528,
11,108.327,-0.0033727882215574593,0.03714527505043357,0.010317997083909899,
11,108.429,-0.0016248137877131826,0.022706904026768168,0.009105879308147581,
11,108.528,9.647716533716066e-05,0.011412395833704143,0.007639041399116303,
11,108.63,0.0021531065606976555,0.0034060775382616757,0.006126674508640823,
11,108.73,0.004648667769809703,-0.0023003517419431536,0.00476969495812031,
11,108.832,0.007162167746855972,-0.006525498345291444,0.0036003529313410098,
11,108.934,0.009246900444064631,-0.009205321146946744,0.002540133556390925,
11,109.033,0.010570194814314668,-0.01040185723305554,0.0016140400039313285,
11,109.134,0.01125677222160938,-0.010077760063386728,0.0007852708017461785,
11,109.236,0.011795303853749465,-0.008243604897687192,0.00019416008545628528,
11,109.336,0.01249356671562713,-0.0056969772131870615,7.9869449686374e-05,
11,109.438,0.013497565006055888,-0.003244999247342815,0.00029809551110847386,
11,109.539,0.014638023776293111,-0.0012855498756736798,0.0006033893479028671,
11,109.64,0.015346749241713125,9.544991624759704e-05,0.0009189676741935332,
11,109.74,0.015230918322063174,0.001313493662967008,0.0012157904740766213,
11,109.842,0.014231020307309073,0.0027778423211968868,0.0014346770825824947,
11,109.944,0.01253063204986673,0.0042194290618724805,0.0015649640245366794,
11,110.043,0.010605211587277478,0.005102974315841358,0.0016489922841811434,
11,110.145,0.008949527497807825,0.005431453047267264,0.0016545396832758385,
11,110.246,0.00785572630482247,0.005272394920769652,0.0016759065822287166,
11,110.347,0.007462533423422277,0.004554046538641601,0.0018143643295092768,
11,110.448,0.007739544566878416,0.003552229946186165,0.0019081342175090183,
11,110.55,0.008382076325773717,0.0022983660092549684,0.0017939554000192548,
11,110.65,0.008976074729145724,0.0009415158490563437,0.001534549488913435,
11,110.751,0.009235348018584551,0.0002480376988384529,0.0013290284403501182,
11,110.851,0.009108392553154331,0.0006561456198720468,0.0012166392511314607,
11,110.955,0.008831557667331513,0.0016748789860186128,0.001088883930881323,
11,111.057,0.008782284423988686,0.0022357588719364185,0.0009615365460575772,
11,111.154,0.009159827954929596,0.0019251446029132544,0.0008657122988178503,
11,111.256,0.009864906706487504,0.0013153979090322135,0.0007136783529464449,
11,111.357,0.010874133225489932,0.00041206127019464554,0.0005798701461335364,
11,111.458,0.012127043438438328,-0.001399178701606068,0.0006157190803000882,
11,111.559,0.01324280347830799,-0.0037348309079918247,0.0007574980137764488,
11,111.66,0.013942614995973726,-0.005728455483670108,0.000913763220158097,
11,111.763,0.01431593379849013,-0.007318028887952999,0.0010667658948893544,
11,111.862,0.014470897255287826,-0.00875211128055496,0.0012053849053329526,
11,111.964,0.014347181916826122,-0.010206113442066614,0.0013446744367578327,
11,112.064,0.014054673985873678,-0.011857534084663418,0.0014942356487684918,
11,112.166,0.013870195310632997,-0.01312083730504787,0.0015752760952252457,
11,112.267,0.013601571165483882,-0.013115370660755696,0.0015427666299425253,
11,112.367,0.012743231543590387,-0.011868980224922894,0.0013979808495444158,
11,112.468,0.011358307457823647,-0.009926848265807555,0.001150755122307299,
11,112.569,0.00987660607897866,-0.007543795627869686,0.0008787211274730023,
11,112.67,0.008585064560673563,-0.004704855015417239,0.0006126297447153101,
11,112.771,0.007585835325472101,-0.0018226231291064209,0.0004137882098839207,
11,112.872,0.006766722353189982,0.0004492298252100335,0.0003581761023421856,
11,112.972,0.006016762730930599,0.0022102032528511714,0.00041992317266862993,
11,113.074,0.00541346407155632,0.0037579384413155676,0.0006150721299983462,
11,113.174,0.005106920892133793,0.004659005091390332,0.000901132852577911,
11,113.276,0.005123989435872477,0.0045366471694457695,0.0011594259736515985,
11,113.377,0.005389298183257106,0.00387640522438798,0.0012950357151438345,
11,113.478,0.005792502996813352,0.003548157175262917,0.0011938495237271828,
11,113.579,0.006188663072113368,0.00373611469882724,0.0010120162873386081,
11,113.681,0.0066326050881952685,0.004131380717031729,0.0009613172479589794,
11,113.78,0.00721874748496626,0.0046944502316268975,0.0009567316544121871,
11,113.881,0.007764878461541919,0.005193719945693186,0.0008979643619270229,
11,113.983,0.008006626487876721,0.005310515560411246,0.0007671060310886998,
11,114.084,0.007861982366518019,0.005148091767360021,0.0006215555559424337,
11,114.184,0.00758980627473948,0.004819638243329136,0.0005834310812416735,
11,114.286,0.00740842617258694,0.004305930848553886,0.0006803608619193307,
11,114.387,0.007278817858382278,0.003802308705949144,0.0007719961871730097,
11,114.489,0.007171794093384685,0.0036049978976633846,0.0007266870149229143,
12,114.589,0.0070668213021047735,0.0035358659901833485,0.0006182193724877232,end
